Area,year,houseSales,meanHousePrice,MedianHousePrice,population,meanAnnualSalary,MedianAnnualSalary,weeklyRent,nominalHousePrice,realHousePrice,trendInRealHouse,realAWE,CPIH,CPI,OOH
City of London,1975,,,,,,,,,,,,,,
City of London,1976,,,,,,,,,,,,,,
City of London,1977,,,,,,,,,,,,,,
City of London,1978,,,,,,,,,,,,,,
City of London,1979,,,,,,,,,,,,,,
City of London,1980,,,,,,,,,,,,,,
City of London,1981,,,,,,,,,,,,,,
City of London,1982,,,,,,,,,,,,,,
City of London,1983,,,,,,,,,,,,,,
City of London,1984,,,,,,,,,,,,,,
City of London,1985,,,,,,,,,,,,,,
City of London,1986,,,,,,,,,,,,,,
City of London,1987,,,,,,,,,,,,,,
City of London,1988,,,,,,,,,,,,,,
City of London,1989,,,,,,,,,,,,,,
City of London,1990,,,,,,,,,,,,,,
City of London,1991,,,,,,,,,,,,,,
City of London,1992,,,,,,,,,,,,,,
City of London,1993,,,,,,,,,,,,,,
City of London,1994,,,,,,,,,,,,,,
City of London,1995,165,146043,"105,00",,,,,,,,,,,
City of London,1996,284,136344,124250,,,,,,,,,,,
City of London,1997,328,156418,135000,,,,,,,,,,,
City of London,1998,436,227377,169250,,,,,,,,,,,
City of London,1999,545,232854,180000,10000,109800,40400,59,,,,,,,
City of London,2000,441,255964,200000,10000,137000,65000,59,,,,,,,
City of London,2001,373,266277,237500,12000,92900,38300,60,,,,,,,
City of London,2002,393,270879,250000,11000,78700,37000,63,,,,,,,
City of London,2003,483,322733,285000,10000,85800,39200,65,,,,,,,
City of London,2004,378,292696,280000,10000,95600,44400,68,,,,,,,
City of London,2005,306,329697,310000,10000,90600,49300,66,,,,,,,
City of London,2006,300,374654,337500,10000,99200,49000,65,,,,,,,
City of London,2007,270,490706,416250,10000,102000,58500,69,,,,,,,
City of London,2008,143,412940,365000,10000,120522,59200,73,,,,,,,
City of London,2009,159,449611,400000,9000,137000,61900,75,,,,,,,
City of London,2010,237,524581,450000,8000,127000,61300,76,,,,,,,
City of London,2011,256,541192,465000,8000,117000,51600,83,,,,,,,
City of London,2012,197,537160,485000,9000,131000,58300,90,,,,,,,
City of London,2013,427,775504,615000,9000,151000,65300,112,,,,,,,
City of London,2014,316,894046,769100,9000,144000,61100,100,,,,,,,
City of London,2015,282,926292,800000,10000,142000,60000,104,,,,,,,
City of London,2016,137,928037,831400,12000,157000,57300,105,,,,,,,
City of London,2017,203,950760,835000,11000,148000,60000,104,,,,,,,
City of London,2018,,,,12000,142000,55200,100,,,,,,,
City of London,2019,,,,12000,128000,54200,103,,,,,,,
City of London,2020,,,,10000,142000,56700,106,,,,,,,
City of London,2021,,,,9000,167000,62200,107,,,,,,,
City of London,2022,,,,,,,112,,,,,,,
City of London,2023,,,,,,,,,,,,,,
Barking and Dagenham,1975,,,,,,,,,,,,,,
Barking and Dagenham,1976,,,,,,,,,,,,,,
Barking and Dagenham,1977,,,,,,,,,,,,,,
Barking and Dagenham,1978,,,,,,,,,,,,,,
Barking and Dagenham,1979,,,,,,,,,,,,,,
Barking and Dagenham,1980,,,,,,,,,,,,,,
Barking and Dagenham,1981,,,,,,,,,,,,,,
Barking and Dagenham,1982,,,,,,,,,,,,,,
Barking and Dagenham,1983,,,,,,,,,,,,,,
Barking and Dagenham,1984,,,,,,,,,,,,,,
Barking and Dagenham,1985,,,,,,,,,,,,,,
Barking and Dagenham,1986,,,,,,,,,,,,,,
Barking and Dagenham,1987,,,,,,,,,,,,,,
Barking and Dagenham,1988,,,,,,,,,,,,,,
Barking and Dagenham,1989,,,,,,,,,,,,,,
Barking and Dagenham,1990,,,,,,,,,,,,,,
Barking and Dagenham,1991,,,,,,,,,,,,,,
Barking and Dagenham,1992,,,,,,,,,,,,,,
Barking and Dagenham,1993,,,,,,,,,,,,,,
Barking and Dagenham,1994,,,,,,,,,,,,,,
Barking and Dagenham,1995,1488,50165,49000,,,,,,,,,,,
Barking and Dagenham,1996,1894,51680,49995,,,,,,,,,,,
Barking and Dagenham,1997,2443,56222,53500,,,,,,,,,,,
Barking and Dagenham,1998,2516,63874,59995,0,0,,,,,,,,,
Barking and Dagenham,1999,2699,69544,65000,62000,16200,1500,49,,,,,,,
Barking and Dagenham,2000,2834,84111,78000,71000,18100,15600,52,,,,,,,
Barking and Dagenham,2001,3227,94451,89500,56000,18600,16200,54,,,,,,,
Barking and Dagenham,2002,3468,118795,115250,67000,19100,17000,57,,,,,,,
Barking and Dagenham,2003,3638,145661,140000,67000,18000,17400,58,,,,,,,
Barking and Dagenham,2004,3638,163828,159995,77000,19400,16600,60,,,,,,,
Barking and Dagenham,2005,2901,169663,163000,83000,20600,17900,63,,,,,,,
Barking and Dagenham,2006,3682,175139,167998,77000,20600,17600,66,,,,,,,
Barking and Dagenham,2007,4016,192859,185000,78000,21300,18600,71,,,,,,,
Barking and Dagenham,2008,1710,196942,190000,78000,22000,19000,73,,,,,,,
Barking and Dagenham,2009,1266,166483,160000,76000,23100,19400,72,,,,,,,
Barking and Dagenham,2010,1459,179018,170000,69000,22500,19400,73,,,,,,,
Barking and Dagenham,2011,1463,180165,170000,73000,22800,19600,79,,,,,,,
Barking and Dagenham,2012,1346,181471,174000,74000,23700,20100,88,,,,,,,
Barking and Dagenham,2013,1743,187943,180995,77000,24600,21000,90,,,,,,,
Barking and Dagenham,2014,2123,215810,215000,74000,25500,21800,91,,,,,,,
Barking and Dagenham,2015,2240,244126,245500,83000,25900,22100,98,,,,,,,
Barking and Dagenham,2016,2063,289176,290000,88000,26700,23300,96,,,,,,,
Barking and Dagenham,2017,1880,301518,300000,85000,27400,23900,97,,,,,,,
Barking and Dagenham,2018,,,,85000,28800,25200,94,,,,,,,
Barking and Dagenham,2019,,,,85000,29400,25700,95,,,,,,,
Barking and Dagenham,2020,,,,87000,30800,26800,97,,,,,,,
Barking and Dagenham,2021,,,,90000,31800,28000,96,,,,,,,
Barking and Dagenham,2022,,,,,,,102,,,,,,,
Barking and Dagenham,2023,,,,,,,,,,,,,,
Barnet,1975,,,,,,,,,,,,,,
Barnet,1976,,,,,,,,,,,,,,
Barnet,1977,,,,,,,,,,,,,,
Barnet,1978,,,,,,,,,,,,,,
Barnet,1979,,,,,,,,,,,,,,
Barnet,1980,,,,,,,,,,,,,,
Barnet,1981,,,,,,,,,,,,,,
Barnet,1982,,,,,,,,,,,,,,
Barnet,1983,,,,,,,,,,,,,,
Barnet,1984,,,,,,,,,,,,,,
Barnet,1985,,,,,,,,,,,,,,
Barnet,1986,,,,,,,,,,,,,,
Barnet,1987,,,,,,,,,,,,,,
Barnet,1988,,,,,,,,,,,,,,
Barnet,1989,,,,,,,,,,,,,,
Barnet,1990,,,,,,,,,,,,,,
Barnet,1991,,,,,,,,,,,,,,
Barnet,1992,,,,,,,,,,,,,,
Barnet,1993,,,,,,,,,,,,,,
Barnet,1994,,,,,,,,,,,,,,
Barnet,1995,4758,111019,85125,,,,,,,,,,,
Barnet,1996,6254,111203,87000,,,,,,,,,,,
Barnet,1997,6853,135580,100000,,,,,,,,,,,
Barnet,1998,6500,147673,113995,,,,,,,,,,,
Barnet,1999,7616,173356,135000,161000,26800,18700,55,,,,,,,
Barnet,2000,6648,199147,159000,156000,30800,19400,56,,,,,,,
Barnet,2001,6942,220955,174975,159000,30400,18700,57,,,,,,,
Barnet,2002,7447,257942,207000,150000,32300,19700,61,,,,,,,
Barnet,2003,6313,284178,233000,150000,33900,20000,62,,,,,,,
Barnet,2004,6798,306902,249000,155000,32800,19900,64,,,,,,,
Barnet,2005,5459,318450,250000,161000,35600,21100,67,,,,,,,
Barnet,2006,6832,341937,273000,173000,36700,20400,70,,,,,,,
Barnet,2007,6950,380566,295000,173000,38700,22000,75,,,,,,,
Barnet,2008,3493,387784,280000,170000,40000,23000,79,,,,,,,
Barnet,2009,3214,382142,290000,167000,41600,24300,81,,,,,,,
Barnet,2010,4209,444386,325000,176000,38800,24100,83,,,,,,,
Barnet,2011,3949,440755,325000,179000,39200,24200,95,,,,,,,
Barnet,2012,4085,450269,330000,172000,41000,25800,98,,,,,,,
Barnet,2013,4746,479968,345000,167000,45500,26800,98,,,,,,,
Barnet,2014,4915,534786,400000,175000,45000,27100,101,,,,,,,
Barnet,2015,4966,566874,450000,178000,49000,27700,103,,,,,,,
Barnet,2016,4927,584202,476500,180000,48600,28800,102,,,,,,,
Barnet,2017,3769,667593,533500,188000,49500,28700,102,,,,,,,
Barnet,2018,,,,188000,51600,29900,102,,,,,,,
Barnet,2019,,,,192000,51600,30700,101,,,,,,,
Barnet,2020,,,,189000,54400,32200,104,,,,,,,
Barnet,2021,,,,190000,59100,33500,107,,,,,,,
Barnet,2022,,,,,,,113,,,,,,,
Barnet,2023,,,,,,,,,,,,,,
Bexley,1975,,,,,,,,,,,,,,
Bexley,1976,,,,,,,,,,,,,,
Bexley,1977,,,,,,,,,,,,,,
Bexley,1978,,,,,,,,,,,,,,
Bexley,1979,,,,,,,,,,,,,,
Bexley,1980,,,,,,,,,,,,,,
Bexley,1981,,,,,,,,,,,,,,
Bexley,1982,,,,,,,,,,,,,,
Bexley,1983,,,,,,,,,,,,,,
Bexley,1984,,,,,,,,,,,,,,
Bexley,1985,,,,,,,,,,,,,,
Bexley,1986,,,,,,,,,,,,,,
Bexley,1987,,,,,,,,,,,,,,
Bexley,1988,,,,,,,,,,,,,,
Bexley,1989,,,,,,,,,,,,,,
Bexley,1990,,,,,,,,,,,,,,
Bexley,1991,,,,,,,,,,,,,,
Bexley,1992,,,,,,,,,,,,,,
Bexley,1993,,,,,,,,,,,,,,
Bexley,1994,,,,,,,,,,,,,,
Bexley,1995,3430,66294,62000,,,,,,,,,,,
Bexley,1996,3987,69941,65000,,,,,,,,,,,
Bexley,1997,4742,75484,71000,,,,,,,,,,,
Bexley,1998,4301,85497,79000,,,,,,,,,,,
Bexley,1999,5101,94395,86000,105000,20500,17200,,,,,,,,
Bexley,2000,4411,109347,98500,116000,19800,17300,,,,,,,,
Bexley,2001,5312,126216,116973,112000,22000,18300,,,,,,,,
Bexley,2002,5771,151225,139500,114000,21500,17800,,,,,,,,
Bexley,2003,5231,174984,163000,113000,21900,17700,,,,,,,,
Bexley,2004,5102,188354,175000,124000,22300,17700,,,,,,,,
Bexley,2005,4079,194798,183000,121000,24000,19400,,,,,,,,
Bexley,2006,5035,209006,195000,123000,24600,19600,,,,,,,,
Bexley,2007,5051,223771,212000,123000,26700,19800,,,,,,,,
Bexley,2008,2501,219495,210000,120000,27000,21000,,,,,,,,
Bexley,2009,2187,209521,196000,117000,27600,22100,,,,,,,,
Bexley,2010,2478,226616,215000,114000,27400,22600,,,,,,,,
Bexley,2011,2554,226283,215000,114000,28300,22300,,,,,,,,
Bexley,2012,2878,225465,210000,115000,28600,23100,,,,,,,,
Bexley,2013,3350,236952,225000,118000,29600,24400,,,,,,,,
Bexley,2014,3872,267268,250000,122000,30200,24400,,,,,,,,
Bexley,2015,3821,295262,285000,127000,30900,24500,,,,,,,,
Bexley,2016,3371,340626,328000,125000,32300,26100,,,,,,,,
Bexley,2017,3161,357779,342500,122000,33500,26900,,,,,,,,
Bexley,2018,,,,130000,34600,26900,,,,,,,,
Bexley,2019,,,,126000,36000,28000,,,,,,,,
Bexley,2020,,,,126000,36400,28800,,,,,,,,
Bexley,2021,,,,135000,38000,29300,,,,,,,,
Bexley,2022,,,,,,,,,,,,,,
Bexley,2023,,,,,,,,,,,,,,
Brent,1975,,,,,,,,,,,,,,
Brent,1976,,,,,,,,,,,,,,
Brent,1977,,,,,,,,,,,,,,
Brent,1978,,,,,,,,,,,,,,
Brent,1979,,,,,,,,,,,,,,
Brent,1980,,,,,,,,,,,,,,
Brent,1981,,,,,,,,,,,,,,
Brent,1982,,,,,,,,,,,,,,
Brent,1983,,,,,,,,,,,,,,
Brent,1984,,,,,,,,,,,,,,
Brent,1985,,,,,,,,,,,,,,
Brent,1986,,,,,,,,,,,,,,
Brent,1987,,,,,,,,,,,,,,
Brent,1988,,,,,,,,,,,,,,
Brent,1989,,,,,,,,,,,,,,
Brent,1990,,,,,,,,,,,,,,
Brent,1991,,,,,,,,,,,,,,
Brent,1992,,,,,,,,,,,,,,
Brent,1993,,,,,,,,,,,,,,
Brent,1994,,,,,,,,,,,,,,
Brent,1995,3473,77258,68000,,,,,,,,,,,
Brent,1996,3832,82824,73000,,,,,,,,,,,
Brent,1997,4343,96499,83500,,,,,,,,,,,
Brent,1998,4373,111868,96000,,,,,,,,,,,
Brent,1999,4733,125958,112000,122000,20000,16500,73,,,,,,,
Brent,2000,4538,154194,139000,130000,22200,16800,73,,,,,,,
Brent,2001,4837,175865,158000,127000,21100,16500,74,,,,,,,
Brent,2002,4915,210014,187000,116000,21700,16400,74,,,,,,,
Brent,2003,4318,230062,210000,119000,22500,16800,74,,,,,,,
Brent,2004,4154,249534,223500,137000,21800,16500,77,,,,,,,
Brent,2005,3330,266301,240000,135000,23200,17600,80,,,,,,,
Brent,2006,4004,284109,249950,144000,24600,18200,79,,,,,,,
Brent,2007,4351,321197,280000,161000,24700,18300,83,,,,,,,
Brent,2008,2096,328763,275000,150000,25000,18500,87,,,,,,,
Brent,2009,1601,322691,275000,145000,26100,19600,87,,,,,,,
Brent,2010,2427,345055,283000,146000,26700,19700,88,,,,,,,
Brent,2011,2218,360423,300000,149000,27400,20200,95,,,,,,,
Brent,2012,2076,395126,322500,144000,28300,20600,105,,,,,,,
Brent,2013,2439,429877,347500,150000,29700,21300,113,,,,,,,
Brent,2014,2850,468859,385000,147000,31200,22700,115,,,,,,,
Brent,2015,2927,506322,415000,154000,32600,23200,114,,,,,,,
Brent,2016,2864,517497,445000,155000,34100,24100,113,,,,,,,
Brent,2017,1979,578705,499950,155000,35400,24700,114,,,,,,,
Brent,2018,,,,159000,36300,25600,113,,,,,,,
Brent,2019,,,,155000,37800,26200,113,,,,,,,
Brent,2020,,,,152000,40400,27200,116,,,,,,,
Brent,2021,,,,149000,44100,30000,120,,,,,,,
Brent,2022,,,,,,,125,,,,,,,
Brent,2023,,,,,,,,,,,,,,
Bromley,1975,,,,,,,,,,,,,,
Bromley,1976,,,,,,,,,,,,,,
Bromley,1977,,,,,,,,,,,,,,
Bromley,1978,,,,,,,,,,,,,,
Bromley,1979,,,,,,,,,,,,,,
Bromley,1980,,,,,,,,,,,,,,
Bromley,1981,,,,,,,,,,,,,,
Bromley,1982,,,,,,,,,,,,,,
Bromley,1983,,,,,,,,,,,,,,
Bromley,1984,,,,,,,,,,,,,,
Bromley,1985,,,,,,,,,,,,,,
Bromley,1986,,,,,,,,,,,,,,
Bromley,1987,,,,,,,,,,,,,,
Bromley,1988,,,,,,,,,,,,,,
Bromley,1989,,,,,,,,,,,,,,
Bromley,1990,,,,,,,,,,,,,,
Bromley,1991,,,,,,,,,,,,,,
Bromley,1992,,,,,,,,,,,,,,
Bromley,1993,,,,,,,,,,,,,,
Bromley,1994,,,,,,,,,,,,,,
Bromley,1995,4798,93441,76625,,,,,,,,,,,
Bromley,1996,6483,97597,80000,,,,,,,,,,,
Bromley,1997,7353,105027,86000,,,,,,,,,,,
Bromley,1998,6212,118048,99995,,,,,,,,,,,
Bromley,1999,7246,138486,116500,163000,25100,18500,,,,,,,,
Bromley,2000,6636,164025,135000,167000,26400,19500,,,,,,,,
Bromley,2001,7606,182176,152725,164000,27400,19100,,,,,,,,
Bromley,2002,8163,209252,176820,160000,27700,20100,,,,,,,,
Bromley,2003,6958,238066,205000,150000,29200,21400,,,,,,,,
Bromley,2004,7602,259452,225000,169000,29200,20900,,,,,,,,
Bromley,2005,6399,267788,230000,173000,31400,22400,,,,,,,,
Bromley,2006,8472,282058,242500,177000,32800,23000,,,,,,,,
Bromley,2007,8069,316391,260000,181000,34400,23200,,,,,,,,
Bromley,2008,3788,304375,250000,170000,35000,24000,,,,,,,,
Bromley,2009,3947,301946,249000,163000,36500,24900,,,,,,,,
Bromley,2010,4413,327306,275000,161000,35900,25800,,,,,,,,
Bromley,2011,4363,336236,275000,168000,36400,25100,,,,,,,,
Bromley,2012,4854,333020,277500,169000,37200,26900,,,,,,,,
Bromley,2013,5458,354045,295000,173000,39000,27200,,,,,,,,
Bromley,2014,6076,397487,335000,168000,40400,28100,,,,,,,,
Bromley,2015,5957,441675,375000,171000,43500,29800,,,,,,,,
Bromley,2016,5242,478142,420000,172000,44000,30400,,,,,,,,
Bromley,2017,4663,502623,440000,174000,45500,32000,,,,,,,,
Bromley,2018,,,,177000,46600,32800,,,,,,,,
Bromley,2019,,,,176000,48200,33700,,,,,,,,
Bromley,2020,,,,177000,49300,33800,,,,,,,,
Bromley,2021,,,,176000,54500,35800,,,,,,,,
Bromley,2022,,,,,,,202,,,,,,,
Bromley,2023,,,,,,,,,,,,,,
Camden,1975,,,,,,,,,,,,,,
Camden,1976,,,,,,,,,,,,,,
Camden,1977,,,,,,,,,,,,,,
Camden,1978,,,,,,,,,,,,,,
Camden,1979,,,,,,,,,,,,,,
Camden,1980,,,,,,,,,,,,,,
Camden,1981,,,,,,,,,,,,,,
Camden,1982,,,,,,,,,,,,,,
Camden,1983,,,,,,,,,,,,,,
Camden,1984,,,,,,,,,,,,,,
Camden,1985,,,,,,,,,,,,,,
Camden,1986,,,,,,,,,,,,,,
Camden,1987,,,,,,,,,,,,,,
Camden,1988,,,,,,,,,,,,,,
Camden,1989,,,,,,,,,,,,,,
Camden,1990,,,,,,,,,,,,,,
Camden,1991,,,,,,,,,,,,,,
Camden,1992,,,,,,,,,,,,,,
Camden,1993,,,,,,,,,,,,,,
Camden,1994,,,,,,,,,,,,,,
Camden,1995,2823,151364,114000,,,,,,,,,,,
Camden,1996,3688,168988,127500,,,,,,,,,,,
Camden,1997,4086,193421,145000,,,,,,,,,,,
Camden,1998,3664,220291,160000,,,,,,,,,,,
Camden,1999,4083,248232,190000,85000,39000,20500,60,,,,,,,
Camden,2000,3582,311696,235000,107000,40000,19700,63,,,,,,,
Camden,2001,3702,339288,249995,101000,42800,19800,65,,,,,,,
Camden,2002,3947,377033,279950,96000,43000,21700,69,,,,,,,
Camden,2003,3221,377836,273000,90000,45700,21300,70,,,,,,,
Camden,2004,3833,411840,305000,97000,50200,23200,68,,,,,,,
Camden,2005,3395,440809,325000,97000,56200,24200,72,,,,,,,
Camden,2006,4210,492802,357500,101000,60200,25900,75,,,,,,,
Camden,2007,3690,562205,410000,107000,69800,26900,79,,,,,,,
Camden,2008,2093,656935,440000,105000,69000,27000,82,,,,,,,
Camden,2009,2222,600683,417500,103000,68900,28400,85,,,,,,,
Camden,2010,2769,716429,478500,101000,67100,29400,86,,,,,,,
Camden,2011,2650,724250,483500,104000,69300,30400,92,,,,,,,
Camden,2012,2432,780751,500000,105000,71200,31600,104,,,,,,,
Camden,2013,2936,836170,585000,99000,78900,32000,104,,,,,,,
Camden,2014,2724,966927,675000,104000,79200,33100,110,,,,,,,
Camden,2015,2450,1040035,705000,103000,85000,34400,115,,,,,,,
Camden,2016,2145,1063248,735000,103000,88000,35500,114,,,,,,,
Camden,2017,2128,1099876,760000,101000,92600,37300,113,,,,,,,
Camden,2018,,,,106000,87400,35600,113,,,,,,,
Camden,2019,,,,104000,96900,38200,111,,,,,,,
Camden,2020,,,,100000,107000,38900,114,,,,,,,
Camden,2021,,,,108000,119000,38900,115,,,,,,,
Camden,2022,,,,,,,120,,,,,,,
Camden,2023,,,,,,,0,,,,,,,
Croydon,1975,,,,,,,0,,,,,,,
Croydon,1976,,,,,,,0,,,,,,,
Croydon,1977,,,,,,,0,,,,,,,
Croydon,1978,,,,,,,0,,,,,,,
Croydon,1979,,,,,,,0,,,,,,,
Croydon,1980,,,,,,,0,,,,,,,
Croydon,1981,,,,,,,0,,,,,,,
Croydon,1982,,,,,,,0,,,,,,,
Croydon,1983,,,,,,,0,,,,,,,
Croydon,1984,,,,,,,0,,,,,,,
Croydon,1985,,,,,,,0,,,,,,,
Croydon,1986,,,,,,,0,,,,,,,
Croydon,1987,,,,,,,0,,,,,,,
Croydon,1988,,,,,,,0,,,,,,,
Croydon,1989,,,,,,,0,,,,,,,
Croydon,1990,,,,,,,0,,,,,,,
Croydon,1991,,,,,,,0,,,,,,,
Croydon,1992,,,,,,,0,,,,,,,
Croydon,1993,,,,,,,0,,,,,,,
Croydon,1994,,,,,,,0,,,,,,,
Croydon,1995,5232,71800,60000,,,,0,,,,,,,
Croydon,1996,6489,75678,64500,,,,0,,,,,,,
Croydon,1997,7511,83343,71000,,,,0,,,,,,,
Croydon,1998,7383,94296,79000,,,,0,,,,,,,
Croydon,1999,8003,107094,89000,152000,21500,16700,64,,,,,,,
Croydon,2000,6154,128084,110000,162000,22100,17300,68,,,,,,,
Croydon,2001,7000,144254,126000,153000,23500,18300,66,,,,,,,
Croydon,2002,8619,172274,150100,166000,23400,18000,69,,,,,,,
Croydon,2003,7652,196228,172000,165000,23300,19000,66,,,,,,,
Croydon,2004,7709,209354,185000,175000,24300,18600,68,,,,,,,
Croydon,2005,6339,218049,194500,173000,25800,19600,70,,,,,,,
Croydon,2006,8163,230773,205000,171000,27200,20700,74,,,,,,,
Croydon,2007,8271,247869,222500,179000,28100,20900,79,,,,,,,
Croydon,2008,3900,253571,226500,170000,29000,21000,82,,,,,,,
Croydon,2009,3393,233442,200000,166000,29700,23100,84,,,,,,,
Croydon,2010,3643,254458,220000,173000,29000,22000,85,,,,,,,
Croydon,2011,3512,256219,220000,171000,29700,22700,96,,,,,,,
Croydon,2012,3634,262587,230000,174000,30700,23900,100,,,,,,,
Croydon,2013,4811,271891,239950,173000,31800,24300,105,,,,,,,
Croydon,2014,5841,300572,265000,176000,32600,25100,107,,,,,,,
Croydon,2015,5617,340768,306000,178000,34200,26300,107,,,,,,,
Croydon,2016,5177,372054,338000,186000,33800,25600,105,,,,,,,
Croydon,2017,4725,399645,365000,183000,35600,27500,104,,,,,,,
Croydon,2018,,,,187000,36500,27800,103,,,,,,,
Croydon,2019,,,,184000,37800,29400,103,,,,,,,
Croydon,2020,,,,189000,38300,29100,106,,,,,,,
Croydon,2021,,,,192000,40900,30400,109,,,,,,,
Croydon,2022,,,,,,,113,,,,,,,
Croydon,2023,,,,,,,,,,,,,,
Ealing,1975,,,,,,,,,,,,,,
Ealing,1976,,,,,,,,,,,,,,
Ealing,1977,,,,,,,,,,,,,,
Ealing,1978,,,,,,,,,,,,,,
Ealing,1979,,,,,,,,,,,,,,
Ealing,1980,,,,,,,,,,,,,,
Ealing,1981,,,,,,,,,,,,,,
Ealing,1982,,,,,,,,,,,,,,
Ealing,1983,,,,,,,,,,,,,,
Ealing,1984,,,,,,,,,,,,,,
Ealing,1985,,,,,,,,,,,,,,
Ealing,1986,,,,,,,,,,,,,,
Ealing,1987,,,,,,,,,,,,,,
Ealing,1988,,,,,,,,,,,,,,
Ealing,1989,,,,,,,,,,,,,,
Ealing,1990,,,,,,,,,,,,,,
Ealing,1991,,,,,,,,,,,,,,
Ealing,1992,,,,,,,,,,,,,,
Ealing,1993,,,,,,,,,,,,,,
Ealing,1994,,,,,,,,,,,,,,
Ealing,1995,4068,91045,75000,,,,,,,,,,,
Ealing,1996,5169,97595,80000,,,,,,,,,,,
Ealing,1997,5963,112582,90000,,,,,,,,,,,
Ealing,1998,5727,126671,103000,,,,,,,,,,,
Ealing,1999,6268,153236,125000,130000,22800,16400,61,,,,,,,
Ealing,2000,5387,176993,145000,149000,23800,17000,63,,,,,,,
Ealing,2001,6156,196261,163000,141000,25200,17500,66,,,,,,,
Ealing,2002,6348,227974,190000,141000,25400,18900,68,,,,,,,
Ealing,2003,5858,238760,210000,135000,26100,19400,64,,,,,,,
Ealing,2004,6089,260325,231000,154000,26500,19100,67,,,,,,,
Ealing,2005,4950,271985,235000,165000,26900,19000,69,,,,,,,
Ealing,2006,6564,292639,248000,159000,28700,19900,74,,,,,,,
Ealing,2007,6237,327798,270000,169000,30000,20200,77,,,,,,,
Ealing,2008,2783,327502,270000,160000,31000,21000,79,,,,,,,
Ealing,2009,2398,328818,257750,156000,32400,21800,82,,,,,,,
Ealing,2010,3213,350588,279275,166000,30700,20800,82,,,,,,,
Ealing,2011,3035,375143,293000,162000,32000,21300,86,,,,,,,
Ealing,2012,3253,397675,310000,163000,32600,22700,93,,,,,,,
Ealing,2013,3806,427847,326000,166000,34500,23200,92,,,,,,,
Ealing,2014,3378,501526,387775,167000,35300,24600,95,,,,,,,
Ealing,2015,3486,524967,432000,175000,37000,24900,97,,,,,,,
Ealing,2016,3060,553669,465000,177000,37300,26100,96,,,,,,,
Ealing,2017,2527,578110,485000,170000,39700,26700,96,,,,,,,
Ealing,2018,,,,173000,39800,26400,96,,,,,,,
Ealing,2019,,,,170000,42700,28200,95,,,,,,,
Ealing,2020,,,,172000,44100,29500,98,,,,,,,
Ealing,2021,,,,178000,46800,30900,100,,,,,,,
Ealing,2022,,,,,,,104,,,,,,,
Ealing,2023,,,,,,,,,,,,,,
Enfield,1975,,,,,,,,,,,,,,
Enfield,1976,,,,,,,,,,,,,,
Enfield,1977,,,,,,,,,,,,,,
Enfield,1978,,,,,,,,,,,,,,
Enfield,1979,,,,,,,,,,,,,,
Enfield,1980,,,,,,,,,,,,,,
Enfield,1981,,,,,,,,,,,,,,
Enfield,1982,,,,,,,,,,,,,,
Enfield,1983,,,,,,,,,,,,,,
Enfield,1984,,,,,,,,,,,,,,
Enfield,1985,,,,,,,,,,,,,,
Enfield,1986,,,,,,,,,,,,,,
Enfield,1987,,,,,,,,,,,,,,
Enfield,1988,,,,,,,,,,,,,,
Enfield,1989,,,,,,,,,,,,,,
Enfield,1990,,,,,,,,,,,,,,
Enfield,1991,,,,,,,,,,,,,,
Enfield,1992,,,,,,,,,,,,,,
Enfield,1993,,,,,,,,,,,,,,
Enfield,1994,,,,,,,,,,,,,,
Enfield,1995,4772,78510,66000,,,,,,,,,,,
Enfield,1996,5539,82956,69995,,,,,,,,,,,
Enfield,1997,6166,95078,78000,,,,,,,,,,,
Enfield,1998,6174,102483,85000,,,,0,,,,,,,
Enfield,1999,6631,113881,94000,124000,21500,16100,56,,,,,,,
Enfield,2000,5830,133086,114000,123000,20800,15900,58,,,,,,,
Enfield,2001,7155,154918,130000,128000,23100,17500,63,,,,,,,
Enfield,2002,7332,178250,153000,121000,24100,18100,66,,,,,,,
Enfield,2003,6383,205939,180000,119000,24200,18200,65,,,,,,,
Enfield,2004,6273,220110,193000,132000,23900,17000,67,,,,,,,
Enfield,2005,5102,228931,200000,132000,25800,18900,69,,,,,,,
Enfield,2006,6376,244472,210000,139000,27100,19500,72,,,,,,,
Enfield,2007,6484,267817,233000,145000,28100,19900,77,,,,,,,
Enfield,2008,3120,271592,234600,140000,29000,20000,79,,,,,,,
Enfield,2009,2570,266596,225000,134000,30600,22100,81,,,,,,,
Enfield,2010,2910,284303,241000,135000,29000,20900,81,,,,,,,
Enfield,2011,2734,285335,240000,135000,30400,22300,86,,,,,,,
Enfield,2012,2805,295101,248000,143000,30800,22700,92,,,,,,,
Enfield,2013,3368,309261,250000,136000,32900,23900,96,,,,,,,
Enfield,2014,3687,350007,285000,137000,34400,25300,103,,,,,,,
Enfield,2015,3505,389903,331000,139000,34600,25100,102,,,,,,,
Enfield,2016,3061,450294,385000,144000,34600,25400,101,,,,,,,
Enfield,2017,2612,463806,402500,144000,36200,26300,100,,,,,,,
Enfield,2018,,,,143000,37200,27300,101,,,,,,,
Enfield,2019,,,,145000,39500,28300,101,,,,,,,
Enfield,2020,,,,137000,40700,29500,104,,,,,,,
Enfield,2021,,,,142000,42800,29900,106,,,,,,,
Enfield,2022,,,,,,,111,,,,,,,
Enfield,2023,,,,,,,,,,,,,,
Greenwich,1975,,,,,,,,,,,,,,
Greenwich,1976,,,,,,,,,,,,,,
Greenwich,1977,,,,,,,,,,,,,,
Greenwich,1978,,,,,,,,,,,,,,
Greenwich,1979,,,,,,,,,,,,,,
Greenwich,1980,,,,,,,,,,,,,,
Greenwich,1981,,,,,,,,,,,,,,
Greenwich,1982,,,,,,,,,,,,,,
Greenwich,1983,,,,,,,,,,,,,,
Greenwich,1984,,,,,,,,,,,,,,
Greenwich,1985,,,,,,,,,,,,,,
Greenwich,1986,,,,,,,,,,,,,,
Greenwich,1987,,,,,,,,,,,,,,
Greenwich,1988,,,,,,,,,,,,,,
Greenwich,1989,,,,,,,,,,,,,,
Greenwich,1990,,,,,,,,,,,,,,
Greenwich,1991,,,,,,,,,,,,,,
Greenwich,1992,,,,,,,,,,,,,,
Greenwich,1993,,,,,,,,,,,,,,
Greenwich,1994,,,,,,,,,,,,,,
Greenwich,1995,2540,73079,61500,,,,,,,,,,,
Greenwich,1996,3010,76051,64000,,,,,,,,,,,
Greenwich,1997,3443,82966,66000,,,,,,,,,,,
Greenwich,1998,3490,93892,75000,,,,,,,,,,,
Greenwich,1999,4316,111953,90000,86000,20700,16600,56,,,,,,,
Greenwich,2000,3857,130980,106500,95000,22400,16000,55,,,,,,,
Greenwich,2001,4840,148821,123995,91000,24000,18600,59,,,,,,,
Greenwich,2002,5465,176529,150000,95000,22900,17000,61,,,,,,,
Greenwich,2003,5003,194558,169995,91000,23300,17800,64,,,,,,,
Greenwich,2004,5692,208339,180000,108000,23100,17100,65,,,,,,,
Greenwich,2005,4734,225123,200000,109000,25500,18200,67,,,,,,,
Greenwich,2006,5296,237557,209995,118000,27400,19200,71,,,,,,,
Greenwich,2007,5225,260342,224000,118000,29900,20500,76,,,,,,,
Greenwich,2008,2429,267688,230000,115000,30000,21000,78,,,,,,,
Greenwich,2009,1969,264755,220000,113000,32800,21400,81,,,,,,,
Greenwich,2010,2243,296528,245000,111000,30000,21300,82,,,,,,,
Greenwich,2011,2570,296637,249995,117000,31000,21800,87,,,,,,,
Greenwich,2012,2850,293544,245000,115000,31500,22600,93,,,,,,,
Greenwich,2013,3485,330113,275000,110000,34200,23500,97,,,,,,,
Greenwich,2014,4433,369977,317500,119000,34800,24600,102,,,,,,,
Greenwich,2015,4060,401116,351000,121000,37300,25600,105,,,,,,,
Greenwich,2016,3769,445432,395000,132000,37500,26000,104,,,,,,,
Greenwich,2017,3305,462820,420000,124000,40200,27600,91,,,,,,,
Greenwich,2018,,,,135000,41300,27400,90,,,,,,,
Greenwich,2019,,,,127000,44700,30100,89,,,,,,,
Greenwich,2020,,,,132000,46400,30600,92,,,,,,,
Greenwich,2021,,,,136000,48900,31800,94,,,,,,,
Greenwich,2022,,,,,,,99,,,,,,,
Greenwich,2023,,,,,,,,,,,,,,
Hackney,1975,,,,,,,,,,,,,,
Hackney,1976,,,,,,,,,,,,,,
Hackney,1977,,,,,,,,,,,,,,
Hackney,1978,,,,,,,,,,,,,,
Hackney,1979,,,,,,,,,,,,,,
Hackney,1980,,,,,,,,,,,,,,
Hackney,1981,,,,,,,,,,,,,,
Hackney,1982,,,,,,,,,,,,,,
Hackney,1983,,,,,,,,,,,,,,
Hackney,1984,,,,,,,,,,,,,,
Hackney,1985,,,,,,,,,,,,,,
Hackney,1986,,,,,,,,,,,,,,
Hackney,1987,,,,,,,,,,,,,,
Hackney,1988,,,,,,,,,,,,,,
Hackney,1989,,,,,,,,,,,,,,
Hackney,1990,,,,,,,,,,,,,,
Hackney,1991,,,,,,,,,,,,,,
Hackney,1992,,,,,,,,,,,,,,
Hackney,1993,,,,,,,,,,,,,,
Hackney,1994,,,,,,,,,,,,,,
Hackney,1995,1774,71607,61975,,,,,,,,,,,
Hackney,1996,2128,75653,66000,,,,,,,,,,,
Hackney,1997,2902,89193,76998,,,,,,,,,,,
Hackney,1998,3034,103205,87500,,,,,,,,,,,
Hackney,1999,3165,128381,113000,79000,18700,14400,57,,,,,,,
Hackney,2000,2826,155478,135000,78000,20000,15800,58,,,,,,,
Hackney,2001,3401,178984,160000,72000,22400,17700,62,,,,,,,
Hackney,2002,3743,204119,180000,76000,21300,17300,65,,,,,,,
Hackney,2003,2851,224569,195000,73000,21500,17000,59,,,,,,,
Hackney,2004,3413,236936,215000,86000,22900,18000,61,,,,,,,
Hackney,2005,2607,249624,220000,92000,24600,19300,65,,,,,,,
Hackney,2006,3479,275795,245000,99000,25300,18400,68,,,,,,,
Hackney,2007,3632,313566,264000,93000,27900,20900,72,,,,,,,
Hackney,2008,1740,318166,265000,100000,28000,21000,75,,,,,,,
Hackney,2009,1882,313700,275000,102000,29800,22200,79,,,,,,,
Hackney,2010,2228,345288,290500,99000,29500,22300,79,,,,,,,
Hackney,2011,2246,354522,310000,101000,31200,23300,89,,,,,,,
Hackney,2012,2630,379410,325000,101000,32700,24300,91,,,,,,,
Hackney,2013,2708,430254,375000,100000,36300,26000,95,,,,,,,
Hackney,2014,2845,501633,430000,106000,37100,26000,99,,,,,,,
Hackney,2015,2831,564761,490000,109000,40200,27800,103,,,,,,,
Hackney,2016,2464,602843,535250,109000,40600,28000,102,,,,,,,
Hackney,2017,2130,614955,530000,112000,43100,29400,101,,,,,,,
Hackney,2018,,,,116000,44900,29600,100,,,,,,,
Hackney,2019,,,,111000,47200,32400,98,,,,,,,
Hackney,2020,,,,109000,49400,32800,102,,,,,,,
Hackney,2021,,,,123000,52500,34300,103,,,,,,,
Hackney,2022,,,,,,,108,,,,,,,
Hackney,2023,,,,,,,,,,,,,,
Hammersmith and Fulham,1975,,,,,,,,,,,,,,
Hammersmith and Fulham,1976,,,,,,,,,,,,,,
Hammersmith and Fulham,1977,,,,,,,,,,,,,,
Hammersmith and Fulham,1978,,,,,,,,,,,,,,
Hammersmith and Fulham,1979,,,,,,,,,,,,,,
Hammersmith and Fulham,1980,,,,,,,,,,,,,,
Hammersmith and Fulham,1981,,,,,,,,,,,,,,
Hammersmith and Fulham,1982,,,,,,,,,,,,,,
Hammersmith and Fulham,1983,,,,,,,,,,,,,,
Hammersmith and Fulham,1984,,,,,,,,,,,,,,
Hammersmith and Fulham,1985,,,,,,,,,,,,,,
Hammersmith and Fulham,1986,,,,,,,,,,,,,,
Hammersmith and Fulham,1987,,,,,,,,,,,,,,
Hammersmith and Fulham,1988,,,,,,,,,,,,,,
Hammersmith and Fulham,1989,,,,,,,,,,,,,,
Hammersmith and Fulham,1990,,,,,,,,,,,,,,
Hammersmith and Fulham,1991,,,,,,,,,,,,,,
Hammersmith and Fulham,1992,,,,,,,,,,,,,,
Hammersmith and Fulham,1993,,,,,,,,,,,,,,
Hammersmith and Fulham,1994,,,,,,,,,,,,,,
Hammersmith and Fulham,1995,3038,137774,109500,,,,,,,,,,,
Hammersmith and Fulham,1996,3987,150521,122000,,,,,,,,,,,
Hammersmith and Fulham,1997,4242,176577,136000,,,,,,,,,,,
Hammersmith and Fulham,1998,3586,197311,159950,,,,,,,,,,,
Hammersmith and Fulham,1999,4339,240838,191500,72000,34900,19900,58,,,,,,,
Hammersmith and Fulham,2000,3649,281619,222000,87000,35400,19300,59,,,,,,,
Hammersmith and Fulham,2001,3688,306977,245000,83000,37500,21000,61,,,,,,,
Hammersmith and Fulham,2002,4082,345434,265000,86000,35800,20800,64,,,,,,,
Hammersmith and Fulham,2003,3409,357956,280000,83000,36200,19600,65,,,,,,,
Hammersmith and Fulham,2004,3784,386124,300250,95000,38300,20800,68,,,,,,,
Hammersmith and Fulham,2005,3244,418105,325000,87000,43100,23000,71,,,,,,,
Hammersmith and Fulham,2006,4181,453325,350000,92000,46200,22800,75,,,,,,,
Hammersmith and Fulham,2007,3858,534857,415000,103000,48600,23600,81,,,,,,,
Hammersmith and Fulham,2008,1664,565249,435000,100000,50000,24000,83,,,,,,,
Hammersmith and Fulham,2009,1953,555613,420000,93000,52900,26700,85,,,,,,,
Hammersmith and Fulham,2010,2508,622446,460000,96000,52000,27100,56,,,,,,,
Hammersmith and Fulham,2011,2718,638126,465000,98000,52700,27600,92,,,,,,,
Hammersmith and Fulham,2012,2626,675674,490000,93000,54300,27600,93,,,,,,,
Hammersmith and Fulham,2013,3005,766921,561440,93000,61300,30100,99,,,,,,,
Hammersmith and Fulham,2014,2809,886074,661000,92000,62000,30100,106,,,,,,,
Hammersmith and Fulham,2015,2413,940897,730000,97000,69700,32000,109,,,,,,,
Hammersmith and Fulham,2016,2163,940225,730000,102000,66600,32300,108,,,,,,,
Hammersmith and Fulham,2017,2016,972231,777475,94000,73200,33200,108,,,,,,,
Hammersmith and Fulham,2018,,,,99000,72600,34100,107,,,,,,,
Hammersmith and Fulham,2019,,,,95000,75900,35800,104,,,,,,,
Hammersmith and Fulham,2020,,,,93000,77800,36200,107,,,,,,,
Hammersmith and Fulham,2021,,,,98000,83600,37000,109,,,,,,,
Hammersmith and Fulham,2022,,,,,,,113,,,,,,,
Hammersmith and Fulham,2023,,,,,,,,,,,,,,
Haringey,1975,,,,,,,,,,,,,,
Haringey,1976,,,,,,,,,,,,,,
Haringey,1977,,,,,,,,,,,,,,
Haringey,1978,,,,,,,,,,,,,,
Haringey,1979,,,,,,,,,,,,,,
Haringey,1980,,,,,,,,,,,,,,
Haringey,1981,,,,,,,,,,,,,,
Haringey,1982,,,,,,,,,,,,,,
Haringey,1983,,,,,,,,,,,,,,
Haringey,1984,,,,,,,,,,,,,,
Haringey,1985,,,,,,,,,,,,,,
Haringey,1986,,,,,,,,,,,,,,
Haringey,1987,,,,,,,,,,,,,,
Haringey,1988,,,,,,,,,,,,,,
Haringey,1989,,,,,,,,,,,,,,
Haringey,1990,,,,,,,,,,,,,,
Haringey,1991,,,,,,,,,,,,,,
Haringey,1992,,,,,,,,,,,,,,
Haringey,1993,,,,,,,,,,,,,,
Haringey,1994,,,,,,,,,,,,,,
Haringey,1995,3373,89630,66500,,,,,,,,,,,
Haringey,1996,3900,102676,71850,,,,,,,,,,,
Haringey,1997,4548,106794,81000,,,,,,,,,,,
Haringey,1998,4172,123957,91000,,,,,,,,,,,
Haringey,1999,4744,143404,110000,124000,20600,15000,59,,,,,,,
Haringey,2000,4191,169316,130000,116000,24500,16600,60,,,,,,,
Haringey,2001,4591,193583,150000,90000,28000,19100,62,,,,,,,
Haringey,2002,4634,226533,180000,95000,26000,17100,65,,,,,,,
Haringey,2003,3905,237220,192500,102000,26100,18800,63,,,,,,,
Haringey,2004,4436,259485,213000,104000,27900,18300,65,,,,,,,
Haringey,2005,3536,274262,224998,117000,29500,18800,69,,,,,,,
Haringey,2006,4672,305233,237500,114000,32500,19000,72,,,,,,,
Haringey,2007,4347,352754,267500,124000,31900,19800,77,,,,,,,
Haringey,2008,2032,346868,250000,120000,32000,20000,80,,,,,,,
Haringey,2009,1870,350064,250000,118000,35100,21800,83,,,,,,,
Haringey,2010,2347,395977,290000,123000,32900,21500,83,,,,,,,
Haringey,2011,2306,411253,303000,116000,34600,22200,88,,,,,,,
Haringey,2012,2461,416303,315000,124000,35400,23300,94,,,,,,,
Haringey,2013,2657,481674,339800,122000,39100,24400,98,,,,,,,
Haringey,2014,2850,542902,405000,126000,39500,25800,103,,,,,,,
Haringey,2015,2692,569499,439498,131000,41700,25600,107,,,,,,,
Haringey,2016,2288,606629,460000,138000,39900,25100,106,,,,,,,
Haringey,2017,1888,683987,540000,138000,43800,27100,106,,,,,,,
Haringey,2018,,,,130000,46300,27400,105,,,,,,,
Haringey,2019,,,,129000,48600,28300,104,,,,,,,
Haringey,2020,,,,122000,50200,30000,105,,,,,,,
Haringey,2021,,,,128000,57100,31300,107,,,,,,,
Haringey,2022,,,,,,,111,,,,,,,
Haringey,2023,,,,,,,,,,,,,,
Harrow,1975,,,,,,,,,,,,,,
Harrow,1976,,,,,,,,,,,,,,
Harrow,1977,,,,,,,,,,,,,,
Harrow,1978,,,,,,,,,,,,,,
Harrow,1979,,,,,,,,,,,,,,
Harrow,1980,,,,,,,,,,,,,,
Harrow,1981,,,,,,,,,,,,,,
Harrow,1982,,,,,,,,,,,,,,
Harrow,1983,,,,,,,,,,,,,,
Harrow,1984,,,,,,,,,,,,,,
Harrow,1985,,,,,,,,,,,,,,
Harrow,1986,,,,,,,,,,,,,,
Harrow,1987,,,,,,,,,,,,,,
Harrow,1988,,,,,,,,,,,,,,
Harrow,1989,,,,,,,,,,,,,,
Harrow,1990,,,,,,,,,,,,,,
Harrow,1991,,,,,,,,,,,,,,
Harrow,1992,,,,,,,,,,,,,,
Harrow,1993,,,,,,,,,,,,,,
Harrow,1994,,,,,,,,,,,,,,
Harrow,1995,2847,90114,79950,,,,,,,,,,,
Harrow,1996,3613,94547,82500,,,,,,,,,,,
Harrow,1997,4018,109330,94159,,,,,,,,,,,
Harrow,1998,3871,123547,107500,,,,,,,,,,,
Harrow,1999,4495,142317,124000,96000,23300,16600,67,,,,,,,
Harrow,2000,3972,168105,147250,99000,25700,19300,69,,,,,,,
Harrow,2001,4351,185011,165000,100000,26500,19300,71,,,,,,,
Harrow,2002,4534,221864,197475,106000,26900,19400,73,,,,,,,
Harrow,2003,4240,254590,230000,103000,26300,19600,75,,,,,,,
Harrow,2004,4034,271431,245000,114000,26800,19600,77,,,,,,,
Harrow,2005,3313,281710,249000,116000,29200,20700,77,,,,,,,
Harrow,2006,4326,295528,250000,119000,30800,21400,77,,,,,,,
Harrow,2007,4024,320820,280000,120000,32400,22100,79,,,,,,,
Harrow,2008,2188,314681,275000,115000,33000,22500,81,,,,,,,
Harrow,2009,1946,290911,250000,119000,33300,22800,84,,,,,,,
Harrow,2010,2263,331517,291000,125000,31100,22300,87,,,,,,,
Harrow,2011,2168,343717,294000,122000,32400,23000,96,,,,,,,
Harrow,2012,2269,343714,302000,124000,33300,24000,102,,,,,,,
Harrow,2013,2551,369829,325000,122000,36000,25200,107,,,,,,,
Harrow,2014,2714,427077,370000,120000,37000,26100,113,,,,,,,
Harrow,2015,2931,461919,400000,130000,38500,26300,115,,,,,,,
Harrow,2016,2239,504811,460000,128000,38400,27300,114,,,,,,,
Harrow,2017,1946,527206,500000,129000,39000,27600,113,,,,,,,
Harrow,2018,,,,131000,39300,27600,112,,,,,,,
Harrow,2019,,,,130000,41500,29500,112,,,,,,,
Harrow,2020,,,,123000,42800,30200,116,,,,,,,
Harrow,2021,,,,125000,46500,32300,117,,,,,,,
Harrow,2022,,,,,,,123,,,,,,,
Harrow,2023,,,,,,,,,,,,,,
Havering,1975,,,,,,,,,,,,,,
Havering,1976,,,,,,,,,,,,,,
Havering,1977,,,,,,,,,,,,,,
Havering,1978,,,,,,,,,,,,,,
Havering,1979,,,,,,,,,,,,,,
Havering,1980,,,,,,,,,,,,,,
Havering,1981,,,,,,,,,,,,,,
Havering,1982,,,,,,,,,,,,,,
Havering,1983,,,,,,,,,,,,,,
Havering,1984,,,,,,,,,,,,,,
Havering,1985,,,,,,,,,,,,,,
Havering,1986,,,,,,,,,,,,,,
Havering,1987,,,,,,,,,,,,,,
Havering,1988,,,,,,,,,,,,,,
Havering,1989,,,,,,,,,,,,,,
Havering,1990,,,,,,,,,,,,,,
Havering,1991,,,,,,,,,,,,,,
Havering,1992,,,,,,,,,,,,,,
Havering,1993,,,,,,,,,,,,,,
Havering,1994,,,,,,,,,,,,,,
Havering,1995,3186,75226,66375,,,,,,,,,,,
Havering,1996,3826,79625,68500,,,,,,,,,,,
Havering,1997,4272,84998,74000,,,,,,,,,,,
Havering,1998,3718,95269,82500,,,,,,,,,,,
Havering,1999,4359,106996,90000,105000,20400,14800,47,,,,,,,
Havering,2000,3805,122976,110000,129000,21400,17000,48,,,,,,,
Havering,2001,4694,136554,122500,114000,22200,17400,49,,,,,,,
Havering,2002,4928,163234,145000,124000,22700,18300,53,,,,,,,
Havering,2003,4539,192244,173995,121000,22800,18100,53,,,,,,,
Havering,2004,4861,208511,188000,125000,23100,18600,55,,,,,,,
Havering,2005,3989,219961,195000,135000,25000,20200,56,,,,,,,
Havering,2006,5110,227975,205000,132000,26100,20400,59,,,,,,,
Havering,2007,5434,246249,222500,133000,27100,20800,63,,,,,,,
Havering,2008,2637,246272,222500,130000,28000,21000,66,,,,,,,
Havering,2009,2413,225795,200000,123000,29700,22000,68,,,,,,,
Havering,2010,2734,257191,221000,123000,29000,22500,70,,,,,,,
Havering,2011,2593,248856,220000,125000,30400,22700,75,,,,,,,
Havering,2012,2818,245160,221000,128000,30600,23500,81,,,,,,,
Havering,2013,3548,257481,232250,122000,31300,24700,87,,,,,,,
Havering,2014,4152,284185,250000,124000,32100,24900,91,,,,,,,
Havering,2015,4143,317807,287500,128000,33600,26000,91,,,,,,,
Havering,2016,3730,358601,332000,128000,33900,26100,98,,,,,,,
Havering,2017,3474,387535,350000,130000,35700,27900,98,,,,,,,
Havering,2018,,,,131000,37100,29700,98,,,,,,,
Havering,2019,,,,130000,38100,29800,97,,,,,,,
Havering,2020,,,,136000,38000,29000,101,,,,,,,
Havering,2021,,,,135000,40000,29800,103,,,,,,,
Havering,2022,,,,,,,108,,,,,,,
Havering,2023,,,,,,,,,,,,,,
Hillingdon,1975,,,,,,,,,,,,,,
Hillingdon,1976,,,,,,,,,,,,,,
Hillingdon,1977,,,,,,,,,,,,,,
Hillingdon,1978,,,,,,,,,,,,,,
Hillingdon,1979,,,,,,,,,,,,,,
Hillingdon,1980,,,,,,,,,,,,,,
Hillingdon,1981,,,,,,,,,,,,,,
Hillingdon,1982,,,,,,,,,,,,,,
Hillingdon,1983,,,,,,,,,,,,,,
Hillingdon,1984,,,,,,,,,,,,,,
Hillingdon,1985,,,,,,,,,,,,,,
Hillingdon,1986,,,,,,,,,,,,,,
Hillingdon,1987,,,,,,,,,,,,,,
Hillingdon,1988,,,,,,,,,,,,,,
Hillingdon,1989,,,,,,,,,,,,,,
Hillingdon,1990,,,,,,,,,,,,,,
Hillingdon,1991,,,,,,,,,,,,,,
Hillingdon,1992,,,,,,,,,,,,,,
Hillingdon,1993,,,,,,,,,,,,,,
Hillingdon,1994,,,,,,,,,,,,,,
Hillingdon,1995,3478,81489,71000,,,,,,,,,,,
Hillingdon,1996,4848,84197,72500,,,,,,,,,,,
Hillingdon,1997,5080,93055,79925,,,,,,,,,,,
Hillingdon,1998,4958,103077,89000,,,,,,,,,,,
Hillingdon,1999,5945,119189,104950,111000,21700,16100,67,,,,,,,
Hillingdon,2000,5114,141787,124950,130000,20900,17100,69,,,,,,,
Hillingdon,2001,4712,158026,140000,113000,23600,17600,71,,,,,,,
Hillingdon,2002,5773,183959,166950,118000,24000,18800,72,,,,,,,
Hillingdon,2003,5551,210379,190000,117000,23800,18900,74,,,,,,,
Hillingdon,2004,5588,223758,210000,123000,25200,20400,76,,,,,,,
Hillingdon,2005,4504,233399,218250,126000,26300,20200,78,,,,,,,
Hillingdon,2006,5469,253091,230000,128000,27600,21200,81,,,,,,,
Hillingdon,2007,5465,271401,245000,133000,27900,21800,84,,,,,,,
Hillingdon,2008,3076,268423,245000,132000,28000,22000,86,,,,,,,
Hillingdon,2009,2590,255440,230000,131000,29300,23000,89,,,,,,,
Hillingdon,2010,3094,282348,249999,134000,28400,21900,90,,,,,,,
Hillingdon,2011,3370,288639,249950,139000,30000,23500,95,,,,,,,
Hillingdon,2012,3301,296744,250000,136000,30100,23200,101,,,,,,,
Hillingdon,2013,3332,306450,269950,139000,31300,23600,105,,,,,,,
Hillingdon,2014,3690,348123,305750,139000,32300,25300,111,,,,,,,
Hillingdon,2015,3722,393842,352250,145000,33900,25900,110,,,,,,,
Hillingdon,2016,3294,439746,400000,145000,34300,26200,109,,,,,,,
Hillingdon,2017,3117,452272,415000,142000,35900,27100,108,,,,,,,
Hillingdon,2018,,,,141000,36800,28100,109,,,,,,,
Hillingdon,2019,,,,145000,37300,28100,108,,,,,,,
Hillingdon,2020,,,,142000,38200,28400,111,,,,,,,
Hillingdon,2021,,,,144000,41600,30600,114,,,,,,,
Hillingdon,2022,,,,,,,117,,,,,,,
Hillingdon,2023,,,,,,,,,,,,,,
Hounslow,1975,,,,,,,,,,,,,,
Hounslow,1976,,,,,,,,,,,,,,
Hounslow,1977,,,,,,,,,,,,,,
Hounslow,1978,,,,,,,,,,,,,,
Hounslow,1979,,,,,,,,,,,,,,
Hounslow,1980,,,,,,,,,,,,,,
Hounslow,1981,,,,,,,,,,,,,,
Hounslow,1982,,,,,,,,,,,,,,
Hounslow,1983,,,,,,,,,,,,,,
Hounslow,1984,,,,,,,,,,,,,,
Hounslow,1985,,,,,,,,,,,,,,
Hounslow,1986,,,,,,,,,,,,,,
Hounslow,1987,,,,,,,,,,,,,,
Hounslow,1988,,,,,,,,,,,,,,
Hounslow,1989,,,,,,,,,,,,,,
Hounslow,1990,,,,,,,,,,,,,,
Hounslow,1991,,,,,,,,,,,,,,
Hounslow,1992,,,,,,,,,,,,,,
Hounslow,1993,,,,,,,,,,,,,,
Hounslow,1994,,,,,,,,,,,,,,
Hounslow,1995,3497,89489,73000,,,,,,,,,,,
Hounslow,1996,3961,92155,73000,,,,,,,,,,,
Hounslow,1997,4512,101768,80000,,,,,,,,,,,
Hounslow,1998,3534,123952,95000,,,,,,,,,,,
Hounslow,1999,4246,143128,113000,106000,20900,15200,53,,,,,,,
Hounslow,2000,4106,169888,130000,121000,22400,16600,56,,,,,,,
Hounslow,2001,4518,189187,148500,101000,23800,16500,58,,,,,,,
Hounslow,2002,4928,214367,174950,105000,24500,18600,61,,,,,,,
Hounslow,2003,4610,235931,200000,104000,24800,18900,62,,,,,,,
Hounslow,2004,4674,247790,215000,118000,25500,18400,65,,,,,,,
Hounslow,2005,3653,260221,220000,117000,26900,18800,67,,,,,,,
Hounslow,2006,4803,287101,235000,124000,27800,19100,71,,,,,,,
Hounslow,2007,4831,311925,249995,129000,29000,20400,76,,,,,,,
Hounslow,2008,2329,314107,249000,126000,30000,21000,78,,,,,,,
Hounslow,2009,1836,314530,240000,124000,31800,22000,77,,,,,,,
Hounslow,2010,2476,342719,249950,136000,30800,21600,79,,,,,,,
Hounslow,2011,2319,363455,250000,133000,32400,21800,84,,,,,,,
Hounslow,2012,2386,358795,265000,133000,32200,22400,91,,,,,,,
Hounslow,2013,2845,397806,280000,130000,35800,23700,98,,,,,,,
Hounslow,2014,3219,427360,319950,129000,36800,24700,101,,,,,,,
Hounslow,2015,3205,462024,355000,135000,38400,25000,105,,,,,,,
Hounslow,2016,2867,476268,380000,140000,39900,26100,105,,,,,,,
Hounslow,2017,2445,507876,395000,135000,40300,26400,107,,,,,,,
Hounslow,2018,,,,140000,42000,27800,105,,,,,,,
Hounslow,2019,,,,136000,41700,27500,103,,,,,,,
Hounslow,2020,,,,135000,43000,28500,105,,,,,,,
Hounslow,2021,,,,140000,45400,29300,107,,,,,,,
Hounslow,2022,,,,,,,112,,,,,,,
Hounslow,2023,,,,,,,,,,,,,,
Islington,1975,,,,,,,,,,,,,,
Islington,1976,,,,,,,,,,,,,,
Islington,1977,,,,,,,,,,,,,,
Islington,1978,,,,,,,,,,,,,,
Islington,1979,,,,,,,,,,,,,,
Islington,1980,,,,,,,,,,,,,,
Islington,1981,,,,,,,,,,,,,,
Islington,1982,,,,,,,,,,,,,,
Islington,1983,,,,,,,,,,,,,,
Islington,1984,,,,,,,,,,,,,,
Islington,1985,,,,,,,,,,,,,,
Islington,1986,,,,,,,,,,,,,,
Islington,1987,,,,,,,,,,,,,,
Islington,1988,,,,,,,,,,,,,,
Islington,1989,,,,,,,,,,,,,,
Islington,1990,,,,,,,,,,,,,,
Islington,1991,,,,,,,,,,,,,,
Islington,1992,,,,,,,,,,,,,,
Islington,1993,,,,,,,,,,,,,,
Islington,1994,,,,,,,,,,,,,,
Islington,1995,1768,119917,95000,,,,,,,,,,,
Islington,1996,2425,124792,102250,,,,,,,,,,,
Islington,1997,3144,144903,118875,,,,,,,,,,,
Islington,1998,3223,169409,145000,,,,,,,,,,,
Islington,1999,3794,204670,170000,69000,31100,19900,60,,,,,,,
Islington,2000,2988,246055,197500,93000,30000,17600,62,,,,,,,
Islington,2001,3343,260959,216800,82000,33500,18700,64,,,,,,,
Islington,2002,3401,292153,245000,86000,36300,19100,69,,,,,,,
Islington,2003,2882,294619,246250,80000,36800,21500,67,,,,,,,
Islington,2004,3044,320209,250000,92000,35400,20800,67,,,,,,,
Islington,2005,3060,333339,270000,92000,39000,22800,70,,,,,,,
Islington,2006,4031,366741,295000,96000,41400,23100,74,,,,,,,
Islington,2007,3781,437251,347000,105000,43300,24400,79,,,,,,,
Islington,2008,2322,425669,350000,100000,45000,26000,82,,,,,,,
Islington,2009,2385,414331,345000,98000,48400,27100,84,,,,,,,
Islington,2010,2838,480212,387498,101000,47600,26100,86,,,,,,,
Islington,2011,2623,507197,399995,105000,47200,28100,92,,,,,,,
Islington,2012,2861,523617,410000,105000,48400,28500,100,,,,,,,
Islington,2013,2998,575438,465000,104000,51900,28700,106,,,,,,,
Islington,2014,2828,669869,535000,102000,56800,31000,112,,,,,,,
Islington,2015,2331,743764,580000,109000,58900,31100,116,,,,,,,
Islington,2016,2309,754514,620000,114000,59500,32900,116,,,,,,,
Islington,2017,1649,778290,615000,106000,62100,33400,117,,,,,,,
Islington,2018,,,,113000,63900,35100,117,,,,,,,
Islington,2019,,,,109000,66100,36400,118,,,,,,,
Islington,2020,,,,107000,70100,35600,121,,,,,,,
Islington,2021,,,,110000,76600,38200,123,,,,,,,
Islington,2022,,,,,,,128,,,,,,,
Islington,2023,,,,,,,,,,,,,,
Kensington and Chelsea,1975,,,,,,,,,,,,,,
Kensington and Chelsea,1976,,,,,,,,,,,,,,
Kensington and Chelsea,1977,,,,,,,,,,,,,,
Kensington and Chelsea,1978,,,,,,,,,,,,,,
Kensington and Chelsea,1979,,,,,,,,,,,,,,
Kensington and Chelsea,1980,,,,,,,,,,,,,,
Kensington and Chelsea,1981,,,,,,,,,,,,,,
Kensington and Chelsea,1982,,,,,,,,,,,,,,
Kensington and Chelsea,1983,,,,,,,,,,,,,,
Kensington and Chelsea,1984,,,,,,,,,,,,,,
Kensington and Chelsea,1985,,,,,,,,,,,,,,
Kensington and Chelsea,1986,,,,,,,,,,,,,,
Kensington and Chelsea,1987,,,,,,,,,,,,,,
Kensington and Chelsea,1988,,,,,,,,,,,,,,
Kensington and Chelsea,1989,,,,,,,,,,,,,,
Kensington and Chelsea,1990,,,,,,,,,,,,,,
Kensington and Chelsea,1991,,,,,,,,,,,,,,
Kensington and Chelsea,1992,,,,,,,,,,,,,,
Kensington and Chelsea,1993,,,,,,,,,,,,,,
Kensington and Chelsea,1994,,,,,,,,,,,,,,
Kensington and Chelsea,1995,3574,263462,172750,,,,,,,,,,,
Kensington and Chelsea,1996,4436,297757,195000,,,,,,,,,,,
Kensington and Chelsea,1997,4869,347240,225000,,,,,,,,,,,
Kensington and Chelsea,1998,4225,378450,245000,,,,,,,,,,,
Kensington and Chelsea,1999,5173,432504,285000,73000,58200,18200,68,,,,,,,
Kensington and Chelsea,2000,4431,558627,343000,74000,86500,25200,68,,,,,,,
Kensington and Chelsea,2001,4064,583952,363000,75000,78900,25900,70,,,,,,,
Kensington and Chelsea,2002,4526,615562,399450,68000,72900,25400,74,,,,,,,
Kensington and Chelsea,2003,3510,660887,405000,64000,84900,24000,78,,,,,,,
Kensington and Chelsea,2004,4086,711106,455000,74000,86600,22400,80,,,,,,,
Kensington and Chelsea,2005,3408,756023,465000,74000,109000,27300,79,,,,,,,
Kensington and Chelsea,2006,4289,873065,525000,73000,122000,27500,79,,,,,,,
Kensington and Chelsea,2007,3753,1023870,640000,74000,151000,31900,83,,,,,,,
Kensington and Chelsea,2008,1726,1185892,701000,73000,158000,33000,87,,,,,,,
Kensington and Chelsea,2009,2056,1042685,680000,70000,161000,34100,90,,,,,,,
Kensington and Chelsea,2010,2460,1256272,750000,72000,128000,31700,91,,,,,,,
Kensington and Chelsea,2011,2496,1290725,790750,70000,137000,37200,97,,,,,,,
Kensington and Chelsea,2012,2253,1511383,890714,70000,131000,37800,120,,,,,,,
Kensington and Chelsea,2013,2647,1666682,980000,71000,156000,37600,112,,,,,,,
Kensington and Chelsea,2014,2669,1946177,1197500,71000,158000,38700,119,,,,,,,
Kensington and Chelsea,2015,2162,1914363,1175000,74000,178000,37500,124,,,,,,,
Kensington and Chelsea,2016,1804,1953392,1200000,72000,171000,39500,123,,,,,,,
Kensington and Chelsea,2017,1535,2092485,1315000,68000,177000,40400,122,,,,,,,
Kensington and Chelsea,2018,,,,72000,173000,39300,121,,,,,,,
Kensington and Chelsea,2019,,,,67000,185000,42100,121,,,,,,,
Kensington and Chelsea,2020,,,,69000,198000,43300,123,,,,,,,
Kensington and Chelsea,2021,,,,68000,208000,43900,125,,,,,,,
Kensington and Chelsea,2022,,,,,,,131,,,,,,,
Kensington and Chelsea,2023,,,,,,,,,,,,,,
Kingston-upon-Thames,1975,,,,,,,,,,,,,,
Kingston-upon-Thames,1976,,,,,,,,,,,,,,
Kingston-upon-Thames,1977,,,,,,,,,,,,,,
Kingston-upon-Thames,1978,,,,,,,,,,,,,,
Kingston-upon-Thames,1979,,,,,,,,,,,,,,
Kingston-upon-Thames,1980,,,,,,,,,,,,,,
Kingston-upon-Thames,1981,,,,,,,,,,,,,,
Kingston-upon-Thames,1982,,,,,,,,,,,,,,
Kingston-upon-Thames,1983,,,,,,,,,,,,,,
Kingston-upon-Thames,1984,,,,,,,,,,,,,,
Kingston-upon-Thames,1985,,,,,,,,,,,,,,
Kingston-upon-Thames,1986,,,,,,,,,,,,,,
Kingston-upon-Thames,1987,,,,,,,,,,,,,,
Kingston-upon-Thames,1988,,,,,,,,,,,,,,
Kingston-upon-Thames,1989,,,,,,,,,,,,,,
Kingston-upon-Thames,1990,,,,,,,,,,,,,,
Kingston-upon-Thames,1991,,,,,,,,,,,,,,
Kingston-upon-Thames,1992,,,,,,,,,,,,,,
Kingston-upon-Thames,1993,,,,,,,,,,,,,,
Kingston-upon-Thames,1994,,,,,,,,,,,,,,
Kingston-upon-Thames,1995,2901,97860,81000,,,,,,,,,,,
Kingston-upon-Thames,1996,3430,106789,86000,,,,,,,,,,,
Kingston-upon-Thames,1997,4149,114268,94950,,,,,,,,,,,
Kingston-upon-Thames,1998,3599,133869,109500,,,,,,,,,,,
Kingston-upon-Thames,1999,4101,152164,129950,71000,28400,20900,64,,,,,,,
Kingston-upon-Thames,2000,3578,187757,154000,77000,26400,18800,66,,,,,,,
Kingston-upon-Thames,2001,3969,201931,170000,77000,28400,19500,66,,,,,,,
Kingston-upon-Thames,2002,4300,232365,198000,79000,27900,20700,70,,,,,,,
Kingston-upon-Thames,2003,3571,244841,215195,78000,28300,20100,71,,,,,,,
Kingston-upon-Thames,2004,3939,267525,235000,82000,30500,20400,72,,,,,,,
Kingston-upon-Thames,2005,3228,277468,240000,86000,33400,22400,75,,,,,,,
Kingston-upon-Thames,2006,4253,302953,249999,85000,34300,22900,79,,,,,,,
Kingston-upon-Thames,2007,3932,346884,290000,82000,38200,25200,85,,,,,,,
Kingston-upon-Thames,2008,1710,356364,285000,80000,39000,25700,86,,,,,,,
Kingston-upon-Thames,2009,1892,328180,270000,78000,39200,25600,89,,,,,,,
Kingston-upon-Thames,2010,2355,373249,300000,88000,35500,24800,90,,,,,,,
Kingston-upon-Thames,2011,2249,364948,300000,82000,38700,26000,97,,,,,,,
Kingston-upon-Thames,2012,2353,383982,317500,83000,39900,26500,104,,,,,,,
Kingston-upon-Thames,2013,2748,414419,335000,84000,41900,26100,107,,,,,,,
Kingston-upon-Thames,2014,2988,475081,385000,79000,43600,29100,115,,,,,,,
Kingston-upon-Thames,2015,2556,502091,413500,80000,45800,30300,117,,,,,,,
Kingston-upon-Thames,2016,2167,547214,460000,86000,44500,30200,116,,,,,,,
Kingston-upon-Thames,2017,1928,573938,487250,79000,48700,32400,116,,,,,,,
Kingston-upon-Thames,2018,,,,84000,50300,33300,113,,,,,,,
Kingston-upon-Thames,2019,,,,84000,50500,33500,113,,,,,,,
Kingston-upon-Thames,2020,,,,81000,54000,34700,114,,,,,,,
Kingston-upon-Thames,2021,,,,82000,56500,35900,119,,,,,,,
Kingston-upon-Thames,2022,,,,,,,120,,,,,,,
Kingston-upon-Thames,2023,,,,,,,,,,,,,,
Lambeth,1975,,,,,,,,,,,,,,
Lambeth,1976,,,,,,,,,,,,,,
Lambeth,1977,,,,,,,,,,,,,,
Lambeth,1978,,,,,,,,,,,,,,
Lambeth,1979,,,,,,,,,,,,,,
Lambeth,1980,,,,,,,,,,,,,,
Lambeth,1981,,,,,,,,,,,,,,
Lambeth,1982,,,,,,,,,,,,,,
Lambeth,1983,,,,,,,,,,,,,,
Lambeth,1984,,,,,,,,,,,,,,
Lambeth,1985,,,,,,,,,,,,,,
Lambeth,1986,,,,,,,,,,,,,,
Lambeth,1987,,,,,,,,,,,,,,
Lambeth,1988,,,,,,,,,,,,,,
Lambeth,1989,,,,,,,,,,,,,,
Lambeth,1990,,,,,,,,,,,,,,
Lambeth,1991,,,,,,,,,,,,,,
Lambeth,1992,,,,,,,,,,,,,,
Lambeth,1993,,,,,,,,,,,,,,
Lambeth,1994,,,,,,,,,,,,,,
Lambeth,1995,3500,79654,66000,,,,,,,,,,,
Lambeth,1996,4820,95723,75000,,,,,,,,,,,
Lambeth,1997,5990,106315,85000,,,,,,,,,,,
Lambeth,1998,5664,127297,100000,,,,,,,,,,,
Lambeth,1999,6142,147147,121000,131000,20700,15400,58,,,,,,,
Lambeth,2000,5990,180931,156875,126000,21900,15300,60,,,,,,,
Lambeth,2001,5999,212198,174200,119000,25600,18200,62,,,,,,,
Lambeth,2002,6399,232540,195000,119000,25900,18800,63,,,,,,,
Lambeth,2003,5536,237940,202000,119000,26600,20000,66,,,,,,,
Lambeth,2004,6033,254231,220000,137000,26800,19900,68,,,,,,,
Lambeth,2005,5270,268878,229000,134000,28700,20700,70,,,,,,,
Lambeth,2006,6695,293653,246000,145000,30900,21600,74,,,,,,,
Lambeth,2007,6375,340604,280000,147000,33300,22200,70,,,,,,,
Lambeth,2008,2989,342138,275000,148000,34000,23000,73,,,,,,,
Lambeth,2009,2383,336758,275000,149000,35400,24000,82,,,,,,,
Lambeth,2010,3519,366963,302000,153000,34200,24000,85,,,,,,,
Lambeth,2011,3612,377944,310000,148000,35700,24600,98,,,,,,,
Lambeth,2012,3956,398776,321250,148000,37600,26000,98,,,,,,,
Lambeth,2013,4912,437456,350000,151000,40600,26800,102,,,,,,,
Lambeth,2014,4858,538040,420000,161000,41100,27300,107,,,,,,,
Lambeth,2015,4575,554122,460000,161000,43700,28400,110,,,,,,,
Lambeth,2016,3962,588579,507600,165000,43900,29200,108,,,,,,,
Lambeth,2017,3661,616126,518110,162000,45600,29900,108,,,,,,,
Lambeth,2018,,,,170000,47500,31900,107,,,,,,,
Lambeth,2019,,,,168000,49100,31900,105,,,,,,,
Lambeth,2020,,,,167000,51900,32800,108,,,,,,,
Lambeth,2021,,,,169000,56100,34500,110,,,,,,,
Lambeth,2022,,,,,,,115,,,,,,,
Lambeth,2023,,,,,,,,,,,,,,
Lewisham,1975,,,,,,,,,,,,,,
Lewisham,1976,,,,,,,,,,,,,,
Lewisham,1977,,,,,,,,,,,,,,
Lewisham,1978,,,,,,,,,,,,,,
Lewisham,1979,,,,,,,,,,,,,,
Lewisham,1980,,,,,,,,,,,,,,
Lewisham,1981,,,,,,,,,,,,,,
Lewisham,1982,,,,,,,,,,,,,,
Lewisham,1983,,,,,,,,,,,,,,
Lewisham,1984,,,,,,,,,,,,,,
Lewisham,1985,,,,,,,,,,,,,,
Lewisham,1986,,,,,,,,,,,,,,
Lewisham,1987,,,,,,,,,,,,,,
Lewisham,1988,,,,,,,,,,,,,,
Lewisham,1989,,,,,,,,,,,,,,
Lewisham,1990,,,,,,,,,,,,,,
Lewisham,1991,,,,,,,,,,,,,,
Lewisham,1992,,,,,,,,,,,,,,
Lewisham,1993,,,,,,,,,,,,,,
Lewisham,1994,,,,,,,,,,,,,,
Lewisham,1995,3383,61562,55500,,,,,,,,,,,
Lewisham,1996,4224,62846,57500,,,,,,,,,,,
Lewisham,1997,5128,73183,64000,,,,,,,,,,,
Lewisham,1998,4963,83082,71250,,,,,,,,,,,
Lewisham,1999,5677,96266,82000,106000,18200,14900,52,,,,,,,
Lewisham,2000,5496,118227,99995,129000,19400,15300,55,,,,,,,
Lewisham,2001,5639,136125,122000,113000,21600,18000,57,,,,,,,
Lewisham,2002,6277,161305,145000,113000,21400,17300,59,,,,,,,
Lewisham,2003,5665,185154,165000,114000,21500,17000,58,,,,,,,
Lewisham,2004,6003,198402,180000,130000,23100,18100,62,,,,,,,
Lewisham,2005,4827,205393,185000,124000,25200,20000,64,,,,,,,
Lewisham,2006,6015,223323,204300,124000,25800,20900,68,,,,,,,
Lewisham,2007,6110,247998,224998,137000,27100,21000,71,,,,,,,
Lewisham,2008,2619,250581,227000,120000,28000,22000,75,,,,,,,
Lewisham,2009,2122,239481,215000,117000,28700,22300,77,,,,,,,
Lewisham,2010,2818,263878,235000,121000,29300,23200,77,,,,,,,
Lewisham,2011,2880,267820,240000,126000,29800,22900,82,,,,,,,
Lewisham,2012,3280,281909,249000,121000,30400,23000,87,,,,,,,
Lewisham,2013,4199,305825,260000,126000,31500,24000,96,,,,,,,
Lewisham,2014,4485,360998,315000,135000,32400,24900,98,,,,,,,
Lewisham,2015,4484,403589,360000,131000,34500,25800,98,,,,,,,
Lewisham,2016,4096,434769,387000,138000,35900,26700,96,,,,,,,
Lewisham,2017,3309,475142,430000,140000,36800,27300,96,,,,,,,
Lewisham,2018,,,,140000,38000,27900,95,,,,,,,
Lewisham,2019,,,,139000,41100,30100,92,,,,,,,
Lewisham,2020,,,,141000,42600,30900,95,,,,,,,
Lewisham,2021,,,,149000,44800,32000,95,,,,,,,
Lewisham,2022,,,,,,,96,,,,,,,
Lewisham,2023,,,,,,,,,,,,,,
Merton,1975,,,,,,,,,,,,,,
Merton,1976,,,,,,,,,,,,,,
Merton,1977,,,,,,,,,,,,,,
Merton,1978,,,,,,,,,,,,,,
Merton,1979,,,,,,,,,,,,,,
Merton,1980,,,,,,,,,,,,,,
Merton,1981,,,,,,,,,,,,,,
Merton,1982,,,,,,,,,,,,,,
Merton,1983,,,,,,,,,,,,,,
Merton,1984,,,,,,,,,,,,,,
Merton,1985,,,,,,,,,,,,,,
Merton,1986,,,,,,,,,,,,,,
Merton,1987,,,,,,,,,,,,,,
Merton,1988,,,,,,,,,,,,,,
Merton,1989,,,,,,,,,,,,,,
Merton,1990,,,,,,,,,,,,,,
Merton,1991,,,,,,,,,,,,,,
Merton,1992,,,,,,,,,,,,,,
Merton,1993,,,,,,,,,,,,,,
Merton,1994,,,,,,,,,,,,,,
Merton,1995,3229,96344,74450,,,,,,,,,,,
Merton,1996,4035,103989,80000,,,,,,,,,,,
Merton,1997,4545,113866,84950,,,,,,,,,,,
Merton,1998,4327,136021,96950,,,,,,,,,,,
Merton,1999,5139,162996,120000,92000,27900,19100,55,,,,,,,
Merton,2000,4136,186627,139950,109000,27900,18400,56,,,,,,,
Merton,2001,4696,204604,160000,96000,28900,18500,58,,,,,,,
Merton,2002,4904,234692,185000,94000,31600,21200,62,,,,,,,
Merton,2003,4157,246892,200000,86000,31300,19700,60,,,,,,,
Merton,2004,4647,277341,224999,105000,31600,19400,63,,,,,,,
Merton,2005,3804,283600,233000,103000,34800,20500,66,,,,,,,
Merton,2006,4827,303443,242000,104000,37200,21600,69,,,,,,,
Merton,2007,4522,374834,263375,113000,39400,22300,69,,,,,,,
Merton,2008,2264,369174,261500,110000,40000,23000,77,,,,,,,
Merton,2009,2235,361132,250000,106000,44000,24100,77,,,,,,,
Merton,2010,2553,433780,289000,105000,43100,24700,79,,,,,,,
Merton,2011,2620,437253,295000,106000,43700,25200,77,,,,,,,
Merton,2012,2784,424513,290000,105000,44400,25800,81,,,,,,,
Merton,2013,3226,473134,321250,105000,48700,27800,82,,,,,,,
Merton,2014,3077,537708,385000,106000,46900,27600,82,,,,,,,
Merton,2015,2911,571363,420000,108000,50800,28500,83,,,,,,,
Merton,2016,2560,587371,450000,111000,53200,29500,85,,,,,,,
Merton,2017,2415,638519,470000,111000,54600,30200,85,,,,,,,
Merton,2018,,,,108000,56300,30300,86,,,,,,,
Merton,2019,,,,112000,55300,30300,86,,,,,,,
Merton,2020,,,,112000,58500,32600,101,,,,,,,
Merton,2021,,,,114000,63000,33900,101,,,,,,,
Merton,2022,,,,,,,107,,,,,,,
Merton,2023,,,,,,,,,,,,,,
Newham,1975,,,,,,,,,,,,,,
Newham,1976,,,,,,,,,,,,,,
Newham,1977,,,,,,,,,,,,,,
Newham,1978,,,,,,,,,,,,,,
Newham,1979,,,,,,,,,,,,,,
Newham,1980,,,,,,,,,,,,,,
Newham,1981,,,,,,,,,,,,,,
Newham,1982,,,,,,,,,,,,,,
Newham,1983,,,,,,,,,,,,,,
Newham,1984,,,,,,,,,,,,,,
Newham,1985,,,,,,,,,,,,,,
Newham,1986,,,,,,,,,,,,,,
Newham,1987,,,,,,,,,,,,,,
Newham,1988,,,,,,,,,,,,,,
Newham,1989,,,,,,,,,,,,,,
Newham,1990,,,,,,,,,,,,,,
Newham,1991,,,,,,,,,,,,,,
Newham,1992,,,,,,,,,,,,,,
Newham,1993,,,,,,,,,,,,,,
Newham,1994,,,,,,,,,,,,,,
Newham,1995,2974,47528,46750,,,,,,,,,,,
Newham,1996,3401,50082,50000,,,,,,,,,,,
Newham,1997,3822,57380,56000,,,,,,,,,,,
Newham,1998,4036,65286,63500,,,,,,,,,,,
Newham,1999,4422,75326,71973,80000,15800,13300,49,,,,,,,
Newham,2000,4907,97266,91995,95000,17000,14700,54,,,,,,,
Newham,2001,5531,117223,112000,88000,17700,15300,56,,,,,,,
Newham,2002,5573,145563,141000,96000,17300,15000,59,,,,,,,
Newham,2003,5455,177796,173000,96000,17400,14500,60,,,,,,,
Newham,2004,4765,191477,186995,112000,18500,15100,58,,,,,,,
Newham,2005,3945,203395,197600,109000,19200,15200,61,,,,,,,
Newham,2006,4489,211861,211500,115000,19600,15800,64,,,,,,,
Newham,2007,4408,231013,230000,122000,21000,16500,68,,,,,,,
Newham,2008,2708,243171,235000,120000,21100,17000,71,,,,,,,
Newham,2009,1424,206115,200000,118000,21900,17600,73,,,,,,,
Newham,2010,1693,219872,220000,123000,21700,17400,74,,,,,,,
Newham,2011,1615,214915,219000,127000,22000,17600,98,,,,,,,
Newham,2012,1708,218974,219000,130000,23100,18500,95,,,,,,,
Newham,2013,2332,233074,230000,124000,24800,20100,101,,,,,,,
Newham,2014,2869,269497,250000,130000,25400,20200,98,,,,,,,
Newham,2015,2834,319348,310000,136000,27300,22100,101,,,,,,,
Newham,2016,2737,370476,355000,134000,28200,22500,103,,,,,,,
Newham,2017,3384,409477,390500,141000,30000,24100,100,,,,,,,
Newham,2018,,,,154000,31000,24300,99,,,,,,,
Newham,2019,,,,158000,31700,24600,102,,,,,,,
Newham,2020,,,,144000,34300,26600,105,,,,,,,
Newham,2021,,,,146000,36100,28300,107,,,,,,,
Newham,2022,,,,,,,111,,,,,,,
Newham,2023,,,,,,,,,,,,,,
Redbridge,1975,,,,,,,,,,,,,,
Redbridge,1976,,,,,,,,,,,,,,
Redbridge,1977,,,,,,,,,,,,,,
Redbridge,1978,,,,,,,,,,,,,,
Redbridge,1979,,,,,,,,,,,,,,
Redbridge,1980,,,,,,,,,,,,,,
Redbridge,1981,,,,,,,,,,,,,,
Redbridge,1982,,,,,,,,,,,,,,
Redbridge,1983,,,,,,,,,,,,,,
Redbridge,1984,,,,,,,,,,,,,,
Redbridge,1985,,,,,,,,,,,,,,
Redbridge,1986,,,,,,,,,,,,,,
Redbridge,1987,,,,,,,,,,,,,,
Redbridge,1988,,,,,,,,,,,,,,
Redbridge,1989,,,,,,,,,,,,,,
Redbridge,1990,,,,,,,,,,,,,,
Redbridge,1991,,,,,,,,,,,,,,
Redbridge,1992,,,,,,,,,,,,,,
Redbridge,1993,,,,,,,,,,,,,,
Redbridge,1994,,,,,,,,,,,,,,
Redbridge,1995,4001,75003,67995,,,,,,,,,,,
Redbridge,1996,4664,80572,71000,,,,,,,,,,,
Redbridge,1997,5138,86048,76375,,,,,,,,,,,
Redbridge,1998,4803,95245,85000,,,,,,,,,,,
Redbridge,1999,5543,109668,97500,96000,21700,17100,68,,,,,,,
Redbridge,2000,4980,131900,119000,98000,21700,16900,69,,,,,,,
Redbridge,2001,5782,155125,138000,118000,23800,17200,70,,,,,,,
Redbridge,2002,6306,185697,168000,111000,24000,18700,68,,,,,,,
Redbridge,2003,5743,211539,195000,111000,24100,19000,68,,,,,,,
Redbridge,2004,5900,232737,217500,120000,24500,17800,70,,,,,,,
Redbridge,2005,4923,238364,225000,122000,26500,20000,72,,,,,,,
Redbridge,2006,5837,256576,238000,126000,28300,20700,74,,,,,,,
Redbridge,2007,5477,280740,250000,128000,29100,21600,79,,,,,,,
Redbridge,2008,3026,280700,250000,126000,30000,22000,81,,,,,,,
Redbridge,2009,2552,255681,230000,124000,30200,22300,84,,,,,,,
Redbridge,2010,2968,286209,250000,128000,29400,22200,84,,,,,,,
Redbridge,2011,2539,294854,250000,127000,30900,22900,89,,,,,,,
Redbridge,2012,2509,303591,265000,128000,31800,23800,99,,,,,,,
Redbridge,2013,2947,315401,275000,130000,33100,25100,103,,,,,,,
Redbridge,2014,3574,338667,300000,131000,33900,25700,105,,,,,,,
Redbridge,2015,3294,387917,350000,140000,35300,26400,105,,,,,,,
Redbridge,2016,2960,423130,390000,137000,35500,27400,106,,,,,,,
Redbridge,2017,2569,452437,420000,136000,37100,28000,105,,,,,,,
Redbridge,2018,,,,138000,37100,27300,105,,,,,,,
Redbridge,2019,,,,138000,38500,28900,105,,,,,,,
Redbridge,2020,,,,139000,40300,30400,109,,,,,,,
Redbridge,2021,,,,138000,42700,31200,112,,,,,,,
Redbridge,2022,,,,,,,118,,,,,,,
Redbridge,2023,,,,,,,,,,,,,,
Richmond-upon-Thames,1975,,,,,,,,,,,,,,
Richmond-upon-Thames,1976,,,,,,,,,,,,,,
Richmond-upon-Thames,1977,,,,,,,,,,,,,,
Richmond-upon-Thames,1978,,,,,,,,,,,,,,
Richmond-upon-Thames,1979,,,,,,,,,,,,,,
Richmond-upon-Thames,1980,,,,,,,,,,,,,,
Richmond-upon-Thames,1981,,,,,,,,,,,,,,
Richmond-upon-Thames,1982,,,,,,,,,,,,,,
Richmond-upon-Thames,1983,,,,,,,,,,,,,,
Richmond-upon-Thames,1984,,,,,,,,,,,,,,
Richmond-upon-Thames,1985,,,,,,,,,,,,,,
Richmond-upon-Thames,1986,,,,,,,,,,,,,,
Richmond-upon-Thames,1987,,,,,,,,,,,,,,
Richmond-upon-Thames,1988,,,,,,,,,,,,,,
Richmond-upon-Thames,1989,,,,,,,,,,,,,,
Richmond-upon-Thames,1990,,,,,,,,,,,,,,
Richmond-upon-Thames,1991,,,,,,,,,,,,,,
Richmond-upon-Thames,1992,,,,,,,,,,,,,,
Richmond-upon-Thames,1993,,,,,,,,,,,,,,
Richmond-upon-Thames,1994,,,,,,,,,,,,,,
Richmond-upon-Thames,1995,3455,138737,108000,,,,,,,,,,,
Richmond-upon-Thames,1996,4957,150296,118500,,,,,,,,,,,
Richmond-upon-Thames,1997,5391,172729,136000,,,,,,,,,,,
Richmond-upon-Thames,1998,4911,201779,159000,,,,,,,,,,,
Richmond-upon-Thames,1999,5977,237840,183500,86000,37300,20900,,,,,,,,
Richmond-upon-Thames,2000,4062,284503,219500,113000,36700,21100,,,,,,,,
Richmond-upon-Thames,2001,4752,300995,227000,94000,41500,23400,,,,,,,,
Richmond-upon-Thames,2002,5294,324221,249950,93000,39500,23100,,,,,,,,
Richmond-upon-Thames,2003,4622,346906,265000,84000,42700,25600,,,,,,,,
Richmond-upon-Thames,2004,4998,383815,291250,102000,41800,24500,,,,,,,,
Richmond-upon-Thames,2005,4315,392783,299950,102000,47500,25800,,,,,,,,
Richmond-upon-Thames,2006,5404,434585,330000,99000,52500,27300,,,,,,,,
Richmond-upon-Thames,2007,4692,510950,381000,104000,56900,29100,,,,,,,,
Richmond-upon-Thames,2008,2412,508911,375000,103000,57000,30000,,,,,,,,
Richmond-upon-Thames,2009,2600,508409,376425,101000,58900,30800,,,,,,,,
Richmond-upon-Thames,2010,3217,550796,400000,101000,56300,30600,,,,,,,,
Richmond-upon-Thames,2011,3147,570178,420000,104000,57400,31500,,,,,,,,
Richmond-upon-Thames,2012,3289,590459,430000,102000,58800,33400,,,,,,,,
Richmond-upon-Thames,2013,3608,644778,475000,107000,64000,33700,,,,,,,,
Richmond-upon-Thames,2014,3425,730459,534995,104000,64600,35800,,,,,,,,
Richmond-upon-Thames,2015,3234,754191,577750,104000,67300,35500,,,,,,,,
Richmond-upon-Thames,2016,2884,775357,605000,103000,67000,36600,,,,,,,,
Richmond-upon-Thames,2017,2642,819044,650000,108000,69000,36100,,,,,,,,
Richmond-upon-Thames,2018,,,,105000,73800,37600,,,,,,,,
Richmond-upon-Thames,2019,,,,104000,77400,38900,,,,,,,,
Richmond-upon-Thames,2020,,,,106000,77900,39500,,,,,,,,
Richmond-upon-Thames,2021,,,,104000,90400,44000,,,,,,,,
Richmond-upon-Thames,2022,,,,,,,,,,,,,,
Richmond-upon-Thames,2023,,,,,,,,,,,,,,
Southwark,1975,,,,,,,,,,,,,,
Southwark,1976,,,,,,,,,,,,,,
Southwark,1977,,,,,,,,,,,,,,
Southwark,1978,,,,,,,,,,,,,,
Southwark,1979,,,,,,,,,,,,,,
Southwark,1980,,,,,,,,,,,,,,
Southwark,1981,,,,,,,,,,,,,,
Southwark,1982,,,,,,,,,,,,,,
Southwark,1983,,,,,,,,,,,,,,
Southwark,1984,,,,,,,,,,,,,,
Southwark,1985,,,,,,,,,,,,,,
Southwark,1986,,,,,,,,,,,,,,
Southwark,1987,,,,,,,,,,,,,,
Southwark,1988,,,,,,,,,,,,,,
Southwark,1989,,,,,,,,,,,,,,
Southwark,1990,,,,,,,,,,,,,,
Southwark,1991,,,,,,,,,,,,,,
Southwark,1992,,,,,,,,,,,,,,
Southwark,1993,,,,,,,,,,,,,,
Southwark,1994,,,,,,,,,,,,,,
Southwark,1995,2650,84677,71000,,,,,,,,,,,
Southwark,1996,3132,87617,72625,,,,,,,,,,,
Southwark,1997,4429,103515,85000,,,,,,,,,,,
Southwark,1998,4384,121755,99000,,,,,,,,,,,
Southwark,1999,5252,142789,123000,114000,20400,14600,55,,,,,,,
Southwark,2000,5075,184697,155000,120000,22500,15400,57,,,,,,,
Southwark,2001,5273,209574,180000,97000,25900,16900,59,,,,,,,
Southwark,2002,5140,221727,190000,111000,24600,17900,58,,,,,,,
Southwark,2003,4699,240345,208500,115000,25400,18200,60,,,,,,,
Southwark,2004,5395,252682,225000,124000,26300,17800,61,,,,,,,
Southwark,2005,4542,273515,239973,133000,29500,20000,67,,,,,,,
Southwark,2006,5624,289173,247000,136000,31800,20400,70,,,,,,,
Southwark,2007,5262,332738,276000,136000,36000,21900,73,,,,,,,
Southwark,2008,2507,328055,278000,130000,36000,22000,77,,,,,,,
Southwark,2009,2357,338570,285000,127000,36800,23300,80,,,,,,,
Southwark,2010,3333,376688,314500,136000,35400,23800,81,,,,,,,
Southwark,2011,3205,400980,320000,138000,36500,24300,85,,,,,,,
Southwark,2012,3374,415796,332250,135000,37500,25000,94,,,,,,,
Southwark,2013,4240,441747,350000,136000,40500,26200,99,,,,,,,
Southwark,2014,3868,518144,420000,140000,41600,27700,99,,,,,,,
Southwark,2015,4035,583065,475000,144000,44200,27100,104,,,,,,,
Southwark,2016,3609,643858,512750,148000,45400,29400,101,,,,,,,
Southwark,2017,3379,641210,530000,146000,48600,29400,100,,,,,,,
Southwark,2018,,,,158000,49400,31400,99,,,,,,,
Southwark,2019,,,,152000,53400,33500,102,,,,,,,
Southwark,2020,,,,146000,55300,33900,105,,,,,,,
Southwark,2021,,,,156000,57800,34400,107,,,,,,,
Southwark,2022,,,,,,,113,,,,,,,
Southwark,2023,,,,,,,,,,,,,,
Sutton,1975,,,,,,,,,,,,,,
Sutton,1976,,,,,,,,,,,,,,
Sutton,1977,,,,,,,,,,,,,,
Sutton,1978,,,,,,,,,,,,,,
Sutton,1979,,,,,,,,,,,,,,
Sutton,1980,,,,,,,,,,,,,,
Sutton,1981,,,,,,,,,,,,,,
Sutton,1982,,,,,,,,,,,,,,
Sutton,1983,,,,,,,,,,,,,,
Sutton,1984,,,,,,,,,,,,,,
Sutton,1985,,,,,,,,,,,,,,
Sutton,1986,,,,,,,,,,,,,,
Sutton,1987,,,,,,,,,,,,,,
Sutton,1988,,,,,,,,,,,,,,
Sutton,1989,,,,,,,,,,,,,,
Sutton,1990,,,,,,,,,,,,,,
Sutton,1991,,,,,,,,,,,,,,
Sutton,1992,,,,,,,,,,,,,,
Sutton,1993,,,,,,,,,,,,,,
Sutton,1994,,,,,,,,,,,,,,
Sutton,1995,3389,76952,67000,,,,,,,,,,,
Sutton,1996,4270,79561,69000,,,,,,,,,,,
Sutton,1997,4573,88169,75000,,,,,,,,,,,
Sutton,1998,4481,100413,85000,,,,,,,,,,,
Sutton,1999,5037,113447,98000,93000,21000,16400,54,,,,,,,
Sutton,2000,4398,138136,119950,82000,21900,17000,55,,,,,,,
Sutton,2001,4878,153408,132500,98000,23100,17600,55,,,,,,,
Sutton,2002,5059,177432,156000,93000,23700,17800,58,,,,,,,
Sutton,2003,4531,197763,175000,90000,24600,18400,59,,,,,,,
Sutton,2004,4740,212522,187000,95000,25600,18900,64,,,,,,,
Sutton,2005,3843,225682,200000,101000,26300,20200,65,,,,,,,
Sutton,2006,4820,239235,210000,99000,28400,21400,69,,,,,,,
Sutton,2007,4748,261248,233000,100000,30000,22500,75,,,,,,,
Sutton,2008,2397,259375,230000,100000,30000,23000,77,,,,,,,
Sutton,2009,2420,239794,210000,98000,30000,23200,80,,,,,,,
Sutton,2010,2377,264951,235000,103000,29100,22300,81,,,,,,,
Sutton,2011,2444,267042,233000,99000,31400,25300,87,,,,,,,
Sutton,2012,2568,272250,240000,97000,32400,25000,95,,,,,,,
Sutton,2013,2994,286681,250000,103000,32800,25100,99,,,,,,,
Sutton,2014,3396,322434,285000,102000,33600,25900,109,,,,,,,
Sutton,2015,3260,358826,320250,102000,35400,27400,109,,,,,,,
Sutton,2016,3206,387585,347500,103000,35500,27300,108,,,,,,,
Sutton,2017,2901,402121,367000,103000,36900,28200,107,,,,,,,
Sutton,2018,,,,101000,38500,29700,107,,,,,,,
Sutton,2019,,,,102000,40200,30200,108,,,,,,,
Sutton,2020,,,,100000,41400,31400,112,,,,,,,
Sutton,2021,,,,102000,45200,33300,115,,,,,,,
Sutton,2022,,,,,,,120,,,,,,,
Sutton,2023,,,,,,,,,,,,,,
Tower Hamlets,1975,,,,,,,,,,,,,,
Tower Hamlets,1976,,,,,,,,,,,,,,
Tower Hamlets,1977,,,,,,,,,,,,,,
Tower Hamlets,1978,,,,,,,,,,,,,,
Tower Hamlets,1979,,,,,,,,,,,,,,
Tower Hamlets,1980,,,,,,,,,,,,,,
Tower Hamlets,1981,,,,,,,,,,,,,,
Tower Hamlets,1982,,,,,,,,,,,,,,
Tower Hamlets,1983,,,,,,,,,,,,,,
Tower Hamlets,1984,,,,,,,,,,,,,,
Tower Hamlets,1985,,,,,,,,,,,,,,
Tower Hamlets,1986,,,,,,,,,,,,,,
Tower Hamlets,1987,,,,,,,,,,,,,,
Tower Hamlets,1988,,,,,,,,,,,,,,
Tower Hamlets,1989,,,,,,,,,,,,,,
Tower Hamlets,1990,,,,,,,,,,,,,,
Tower Hamlets,1991,,,,,,,,,,,,,,
Tower Hamlets,1992,,,,,,,,,,,,,,
Tower Hamlets,1993,,,,,,,,,,,,,,
Tower Hamlets,1994,,,,,,,,,,,,,,
Tower Hamlets,1995,2155,76933,67500,,,,,,,,,,,
Tower Hamlets,1996,2511,88715,77000,,,,,,,,,,,
Tower Hamlets,1997,3833,110807,95000,,,,,,,,,,,
Tower Hamlets,1998,4559,129367,115000,,,,,,,,,,,
Tower Hamlets,1999,5531,159999,140000,59000,22900,14200,59,,,,,,,
Tower Hamlets,2000,5101,190411,162500,81000,25000,16500,63,,,,,,,
Tower Hamlets,2001,5003,208596,184950,76000,29900,19100,68,,,,,,,
Tower Hamlets,2002,4771,222708,200000,76000,28500,19300,70,,,,,,,
Tower Hamlets,2003,4149,237860,211000,69000,28300,18300,70,,,,,,,
Tower Hamlets,2004,5841,260847,230000,90000,29600,19200,67,,,,,,,
Tower Hamlets,2005,4849,265639,238000,89000,31500,19800,70,,,,,,,
Tower Hamlets,2006,5365,281493,249995,103000,33500,19400,73,,,,,,,
Tower Hamlets,2007,5463,333393,290000,103000,37400,21200,77,,,,,,,
Tower Hamlets,2008,2562,328379,289998,110000,38000,23000,81,,,,,,,
Tower Hamlets,2009,2996,333797,290000,110000,38300,24500,84,,,,,,,
Tower Hamlets,2010,3788,345385,305000,107000,37400,24000,86,,,,,,,
Tower Hamlets,2011,3368,345026,300000,112000,38200,24700,92,,,,,,,
Tower Hamlets,2012,3600,355588,305000,115000,39000,25800,99,,,,,,,
Tower Hamlets,2013,4376,383842,329000,119000,40800,27000,104,,,,,,,
Tower Hamlets,2014,5004,445319,385000,121000,41800,26600,111,,,,,,,
Tower Hamlets,2015,4074,483423,425000,122000,45000,28900,112,,,,,,,
Tower Hamlets,2016,4551,524508,470000,130000,46600,30500,115,,,,,,,
Tower Hamlets,2017,3290,554009,490000,136000,46600,30200,111,,,,,,,
Tower Hamlets,2018,,,,136000,49300,31100,110,,,,,,,
Tower Hamlets,2019,,,,140000,50100,32700,109,,,,,,,
Tower Hamlets,2020,,,,139000,52700,34100,112,,,,,,,
Tower Hamlets,2021,,,,147000,55500,35500,114,,,,,,,
Tower Hamlets,2022,,,,,,,119,,,,,,,
Tower Hamlets,2023,,,,,,,,,,,,,,
Waltham Forest,1975,,,,,,,,,,,,,,
Waltham Forest,1976,,,,,,,,,,,,,,
Waltham Forest,1977,,,,,,,,,,,,,,
Waltham Forest,1978,,,,,,,,,,,,,,
Waltham Forest,1979,,,,,,,,,,,,,,
Waltham Forest,1980,,,,,,,,,,,,,,
Waltham Forest,1981,,,,,,,,,,,,,,
Waltham Forest,1982,,,,,,,,,,,,,,
Waltham Forest,1983,,,,,,,,,,,,,,
Waltham Forest,1984,,,,,,,,,,,,,,
Waltham Forest,1985,,,,,,,,,,,,,,
Waltham Forest,1986,,,,,,,,,,,,,,
Waltham Forest,1987,,,,,,,,,,,,,,
Waltham Forest,1988,,,,,,,,,,,,,,
Waltham Forest,1989,,,,,,,,,,,,,,
Waltham Forest,1990,,,,,,,,,,,,,,
Waltham Forest,1991,,,,,,,,,,,,,,
Waltham Forest,1992,,,,,,,,,,,,,,
Waltham Forest,1993,,,,,,,,,,,,,,
Waltham Forest,1994,,,,,,,,,,,,,,
Waltham Forest,1995,3301,58120,55000,,,,,,,,,,,
Waltham Forest,1996,3994,60623,56000,,,,,,,,,,,
Waltham Forest,1997,4619,67020,62000,,,,,,,,,,,
Waltham Forest,1998,4643,77012,71000,,,,,,,,,,,
Waltham Forest,1999,5297,88497,79995,91000,18500,15000,60,,,,,,,
Waltham Forest,2000,5035,105279,96000,114000,19600,15100,63,,,,,,,
Waltham Forest,2001,5334,123846,118000,99000,20300,16600,64,,,,,,,
Waltham Forest,2002,5373,155056,149000,102000,20100,17200,67,,,,,,,
Waltham Forest,2003,5008,178958,172000,94000,20100,16800,68,,,,,,,
Waltham Forest,2004,4821,195125,187500,111000,20800,16600,70,,,,,,,
Waltham Forest,2005,4356,205386,198000,114000,22000,17700,72,,,,,,,
Waltham Forest,2006,5064,218586,215000,115000,23100,17900,71,,,,,,,
Waltham Forest,2007,4893,245515,239000,121000,23200,18200,79,,,,,,,
Waltham Forest,2008,2446,238156,231000,120000,24000,19000,78,,,,,,,
Waltham Forest,2009,1994,220077,211500,119000,24800,20600,80,,,,,,,
Waltham Forest,2010,2267,236576,230000,129000,24400,19700,81,,,,,,,
Waltham Forest,2011,2329,240234,232000,123000,25300,20300,87,,,,,,,
Waltham Forest,2012,2339,251671,241500,121000,26200,21400,92,,,,,,,
Waltham Forest,2013,2875,281255,265000,124000,27000,21900,105,,,,,,,
Waltham Forest,2014,3470,334326,320000,128000,28200,22700,101,,,,,,,
Waltham Forest,2015,3395,384365,372000,135000,29400,23900,105,,,,,,,
Waltham Forest,2016,3010,431878,422000,135000,30300,24500,105,,,,,,,
Waltham Forest,2017,2711,459922,445000,138000,31900,25500,105,,,,,,,
Waltham Forest,2018,,,,134000,33700,26800,105,,,,,,,
Waltham Forest,2019,,,,139000,34900,27700,103,,,,,,,
Waltham Forest,2020,,,,133000,37100,28900,105,,,,,,,
Waltham Forest,2021,,,,140000,40100,30900,106,,,,,,,
Waltham Forest,2022,,,,,,,110,,,,,,,
Waltham Forest,2023,,,,,,,,,,,,,,
Wandsworth,1975,,,,,,,,,,,,,,
Wandsworth,1976,,,,,,,,,,,,,,
Wandsworth,1977,,,,,,,,,,,,,,
Wandsworth,1978,,,,,,,,,,,,,,
Wandsworth,1979,,,,,,,,,,,,,,
Wandsworth,1980,,,,,,,,,,,,,,
Wandsworth,1981,,,,,,,,,,,,,,
Wandsworth,1982,,,,,,,,,,,,,,
Wandsworth,1983,,,,,,,,,,,,,,
Wandsworth,1984,,,,,,,,,,,,,,
Wandsworth,1985,,,,,,,,,,,,,,
Wandsworth,1986,,,,,,,,,,,,,,
Wandsworth,1987,,,,,,,,,,,,,,
Wandsworth,1988,,,,,,,,,,,,,,
Wandsworth,1989,,,,,,,,,,,,,,
Wandsworth,1990,,,,,,,,,,,,,,
Wandsworth,1991,,,,,,,,,,,,,,
Wandsworth,1992,,,,,,,,,,,,,,
Wandsworth,1993,,,,,,,,,,,,,,
Wandsworth,1994,,,,,,,,,,,,,,
Wandsworth,1995,5699,110955,85500,,,,,,,,,,,
Wandsworth,1996,7265,120488,94000,,,,,,,,,,,
Wandsworth,1997,8485,137915,108000,,,,,,,,,,,
Wandsworth,1998,7658,156645,125000,,,,,,,,,,,
Wandsworth,1999,9592,192372,155000,144000,29300,18100,66,,,,,,,
Wandsworth,2000,7628,233777,182000,144000,36300,21000,67,,,,,,,
Wandsworth,2001,8208,252378,204000,143000,36000,21700,70,,,,,,,
Wandsworth,2002,8658,285773,235000,143000,35700,22000,72,,,,,,,
Wandsworth,2003,7245,299813,242500,134000,37800,22600,77,,,,,,,
Wandsworth,2004,8511,335011,260000,154000,38200,22000,82,,,,,,,
Wandsworth,2005,7435,349202,277500,155000,44100,24500,87,,,,,,,
Wandsworth,2006,9445,395120,312000,162000,45400,25300,95,,,,,,,
Wandsworth,2007,8506,455751,355000,167000,49500,26100,100,,,,,,,
Wandsworth,2008,3997,444944,350000,160000,50000,28000,105,,,,,,,
Wandsworth,2009,4424,459109,350000,157000,52800,29200,108,,,,,,,
Wandsworth,2010,5329,493683,380000,159000,50700,29000,105,,,,,,,
Wandsworth,2011,5274,508691,390000,161000,53400,29400,112,,,,,,,
Wandsworth,2012,5296,532430,415750,155000,54700,31000,121,,,,,,,
Wandsworth,2013,6257,584510,465000,164000,59900,31900,131,,,,,,,
Wandsworth,2014,5934,681731,532250,168000,59200,32900,126,,,,,,,
Wandsworth,2015,5882,687589,560000,171000,63600,34200,128,,,,,,,
Wandsworth,2016,5531,775484,644000,169000,64900,35000,129,,,,,,,
Wandsworth,2017,4959,818443,654000,171000,67900,34500,128,,,,,,,
Wandsworth,2018,,,,168000,70400,37100,126,,,,,,,
Wandsworth,2019,,,,172000,72400,38900,125,,,,,,,
Wandsworth,2020,,,,168000,75300,39000,128,,,,,,,
Wandsworth,2021,,,,182000,79700,40200,130,,,,,,,
Wandsworth,2022,,,,,,,130,,,,,,,
Wandsworth,2023,,,,,,,,,,,,,,
Westminster,1975,,,,,,,,,,,,,,
Westminster,1976,,,,,,,,,,,,,,
Westminster,1977,,,,,,,,,,,,,,
Westminster,1978,,,,,,,,,,,,,,
Westminster,1979,,,,,,,,,,,,,,
Westminster,1980,,,,,,,,,,,,,,
Westminster,1981,,,,,,,,,,,,,,
Westminster,1982,,,,,,,,,,,,,,
Westminster,1983,,,,,,,,,,,,,,
Westminster,1984,,,,,,,,,,,,,,
Westminster,1985,,,,,,,,,,,,,,
Westminster,1986,,,,,,,,,,,,,,
Westminster,1987,,,,,,,,,,,,,,
Westminster,1988,,,,,,,,,,,,,,
Westminster,1989,,,,,,,,,,,,,,
Westminster,1990,,,,,,,,,,,,,,
Westminster,1991,,,,,,,,,,,,,,
Westminster,1992,,,,,,,,,,,,,,
Westminster,1993,,,,,,,,,,,,,,
Westminster,1994,,,,,,,,,,,,,,
Westminster,1995,4038,183338,127550,,,,,,,,,,,
Westminster,1996,4830,190417,133000,,,,,,,,,,,
Westminster,1997,6539,228494,160950,,,,,,,,,,,
Westminster,1998,5524,282269,177000,,,,,,,,,,,
Westminster,1999,6783,307029,220000,96000,46400,17300,74,,,,,,,
Westminster,2000,6364,374658,250000,113000,49100,23000,76,,,,,,,
Westminster,2001,5891,410251,280000,95000,55600,21900,78,,,,,,,
Westminster,2002,6414,440783,319475,88000,56600,22800,81,,,,,,,
Westminster,2003,5217,457656,325000,85000,57500,23500,82,,,,,,,
Westminster,2004,5226,498794,345445,105000,56500,23100,84,,,,,,,
Westminster,2005,4984,545120,375000,105000,68100,27100,87,,,,,,,
Westminster,2006,6354,589613,410000,108000,73600,27000,90,,,,,,,
Westminster,2007,5440,693083,475000,111000,82600,29200,94,,,,,,,
Westminster,2008,2801,781173,495000,111000,90000,30000,94,,,,,,,
Westminster,2009,2900,742745,499999,103000,93500,31900,97,,,,,,,
Westminster,2010,3603,823306,580000,107000,83400,31400,98,,,,,,,
Westminster,2011,3297,958412,600000,104000,88200,32400,106,,,,,,,
Westminster,2012,3237,1147250,635000,99000,92200,35200,111,,,,,,,
Westminster,2013,3635,1299376,725000,100000,107000,36400,118,,,,,,,
Westminster,2014,3536,1464109,875000,102000,104000,35100,122,,,,,,,
Westminster,2015,2869,1361091,890000,105000,109000,37800,126,,,,,,,
Westminster,2016,2772,1579839,1024500,106000,107000,36100,132,,,,,,,
Westminster,2017,2455,1718124,1025000,98000,124000,39700,130,,,,,,,
Westminster,2018,,,,102000,120000,39200,127,,,,,,,
Westminster,2019,,,,98000,118000,39900,121,,,,,,,
Westminster,2020,,,,100000,123000,42100,125,,,,,,,
Westminster,2021,,,,102000,133000,41200,127,,,,,,,
Westminster,2022,,,,,,,132,,,,,,,
Westminster,2023,,,,,,,,,,,,,,
North East,1975,,,,,,,,,,,,,,
North East,1976,,,,,,,,,,,,,,
North East,1977,,,,,,,,,,,,,,
North East,1978,,,,,,,,,,,,,,
North East,1979,,,,,,,,,,,,,,
North East,1980,,,,,,,,,,,,,,
North East,1981,,,,,,,,,,,,,,
North East,1982,,,,,,,,,,,,,,
North East,1983,,,,,,,,,,,,,,
North East,1984,,,,,,,,,,,,,,
North East,1985,,,,,,,,,,,,,,
North East,1986,,,,,,,,,,,,,,
North East,1987,,,,,,,,,,,,,,
North East,1988,,,,,,,,,,,,,,
North East,1989,,,,,,,,,,,,,,
North East,1990,,,,,,,,,,,,,,
North East,1991,,,,,,,,,,,,,,
North East,1992,,,,,,,,,,,,,,
North East,1993,,,,,,,,,,,,,,
North East,1994,,,,,,,,,,,,,,
North East,1995,32812,48970,42250,,,,,,,,,,,
North East,1996,37922,50870,44500,,,,,,,,,,,
North East,1997,41244,53908,46995,,,,,,,,,,,
North East,1998,41946,55801,48000,,,,,,,,,,,
North East,1999,44496,59292,50473,1090000,16300,12900,37,,,,,,,
North East,2000,47123,61707,52000,1160000,16600,13200,39,,,,,,,
North East,2001,53247,66108,55000,1180000,17500,14200,40,,,,,,,
North East,2002,59880,76205,60000,1190000,17900,14400,42,,,,,,,
North East,2003,61847,94299,77500,1170000,18500,14800,42,,,,,,,
North East,2004,60123,115307,95000,1260000,19100,15000,43,,,,,,,
North East,2005,50299,125999,108000,1250000,20200,15500,46,,,,,,,
North East,2006,60651,136163,119000,1330000,21000,16300,48,,,,,,,
North East,2007,61711,142069,122000,1320000,22100,17100,51,,,,,,,
North East,2008,30523,141506,120000,1200000,23000,18000,53,,,,,,,
North East,2009,24408,139768,120000,1190000,23900,18400,55,,,,,,,
North East,2010,25729,143850,122000,1190000,22900,18000,56,,,,,,,
North East,2011,26821,136736,117495,1170000,24300,19100,59,,,,,,,
North East,2012,26100,139034,120000,1160000,25000,19700,69,,,,,,,
North East,2013,30018,141292,122500,1150000,26000,20400,69,,,,,,,
North East,2014,35333,148461,125125,1120000,26600,20800,74,,,,,,,
North East,2015,36113,153507,132500,1150000,27600,21500,76,,,,,,,
North East,2016,37038,156632,134950,1140000,27600,22100,75,,,,,,,
North East,2017,38157,159970,135000,1120000,28500,22600,74,,,,,,,
North East,2018,,,,1160000,28800,22900,74,,,,,,,
North East,2019,,,,1140000,30000,23800,73,,,,,,,
North East,2020,,,,1170000,30600,24300,75,,,,,,,
North East,2021,,,,1230000,31500,24900,77,,,,,,,
North East,2022,,,,,,,,,,,,,,
North East,2023,,,,,,,,,,,,,,
North West,1975,,,,,,,,,,,,,,
North West,1976,,,,,,,,,,,,,,
North West,1977,,,,,,,,,,,,,,
North West,1978,,,,,,,,,,,,,,
North West,1979,,,,,,,,,,,,,,
North West,1980,,,,,,,,,,,,,,
North West,1981,,,,,,,,,,,,,,
North West,1982,,,,,,,,,,,,,,
North West,1983,,,,,,,,,,,,,,
North West,1984,,,,,,,,,,,,,,
North West,1985,,,,,,,,,,,,,,
North West,1986,,,,,,,,,,,,,,
North West,1987,,,,,,,,,,,,,,
North West,1988,,,,,,,,,,,,,,
North West,1989,,,,,,,,,,,,,,
North West,1990,,,,,,,,,,,,,,
North West,1991,,,,,,,,,,,,,,
North West,1992,,,,,,,,,,,,,,
North West,1993,,,,,,,,,,,,,,
North West,1994,,,,,,,,,,,,,,
North West,1995,94372,52590,45000,,,,,,,,,,,
North West,1996,107586,54395,46250,,,,,,,,,,,
North West,1997,120214,58286,49000,,,,,,,,,,,
North West,1998,119459,60745,50000,,,,,,,,,,,
North West,1999,132012,65496,53500,3080000,17500,13500,41,,,,,,,
North West,2000,136165,69803,56500,3220000,18000,13900,42,,,,,,,
North West,2001,147093,76908,60000,3190000,18800,14600,44,,,,,,,
North West,2002,169856,88315,70000,3210000,19300,14900,46,,,,,,,
North West,2003,170971,104548,85000,3160000,19500,14900,47,,,,,,,
North West,2004,168970,126472,107500,3310000,20500,15500,47,,,,,,,
North West,2005,134950,138266,119000,3360000,21700,16100,49,,,,,,,
North West,2006,164386,150243,127500,3450000,22300,16600,51,,,,,,,
North West,2007,160537,159618,134950,3490000,23300,17400,54,,,,,,,
North West,2008,79959,156614,129559,3400000,24000,18000,56,,,,,,,
North West,2009,67543,154472,130000,3300000,24900,18500,57,,,,,,,
North West,2010,71079,159524,130000,3340000,24200,18400,59,,,,,,,
North West,2011,71466,154790,127000,3260000,25400,19200,63,,,,,,,
North West,2012,69774,155770,130000,3260000,26000,19700,69,,,,,,,
North West,2013,84413,159018,132000,3220000,27300,20600,72,,,,,,,
North West,2014,101351,166132,138500,3230000,28000,21100,74,,,,,,,
North West,2015,106321,173132,145000,3260000,29300,21900,76,,,,,,,
North West,2016,111809,180124,150000,3280000,29400,22300,75,,,,,,,
North West,2017,111847,188752,156000,3260000,30300,23100,75,,,,,,,
North West,2018,,,,3330000,30900,23700,75,,,,,,,
North West,2019,,,,3310000,32100,24600,75,,,,,,,
North West,2020,,,,3340000,32600,25000,76,,,,,,,
North West,2021,,,,3490000,34000,25700,78,,,,,,,
North West,2022,,,,,,,81,,,,,,,
North West,2023,,,,,,,,,,,,,,
London,1975,,,,,,,,,,,,,,
London,1976,,,,,,,,,,,,,,
London,1977,,,,,,,,,,,,,,
London,1978,,,,,,,,,,,,,,
London,1979,,,,,,,,,,,,,,
London,1980,,,,,,,,,,,,,,
London,1981,,,,,,,,,,,,,,
London,1982,,,,,,,,,,,,,,
London,1983,,,,,,,,,,,,,,
London,1984,,,,,,,,,,,,,,
London,1985,,,,,,,,,,,,,,
London,1986,,,,,,,,,,,,,,
London,1987,,,,,,,,,,,,,,
London,1988,,,,,,,,,,,,,,
London,1989,,,,,,,,,,,,,,
London,1990,,,,,,,,,,,,,,
London,1991,,,,,,,,,,,,,,
London,1992,,,,,,,,,,,,,,
London,1993,,,,,,,,,,,,,,
London,1994,,,,,,,,,,,,,,
London,1995,108757,97628,72750,,,,,,,,,,,
London,1996,135286,105337,77000,,,,,,,,,,,
London,1997,157459,119761,86000,,,,,,,,,,,
London,1998,148649,135009,96500,,,,,,,,,,,
London,1999,171994,158324,118000,3290000,25100,16600,58,,,,,,,
London,2000,152150,188703,138000,3610000,27100,17600,60,,,,,,,
London,2001,165467,204829,155000,3390000,28800,18500,62,,,,,,,
London,2002,176885,233259,180000,3420000,28500,18800,65,,,,,,,
London,2003,156153,250629,200000,3330000,29100,19100,65,,,,,,,
London,2004,166007,274021,220000,3740000,29900,19000,67,,,,,,,
London,2005,138629,290202,230000,3790000,32800,20300,70,,,,,,,
London,2006,173486,315956,245000,3890000,34700,20800,73,,,,,,,
London,2007,167567,352750,262500,4030000,37400,21800,77,,,,,,,
London,2008,82208,361738,258000,4000000,38000,22000,80,,,,,,,
London,2009,76156,362673,250000,3840000,39800,23400,82,,,,,,,
London,2010,92769,408107,287500,3930000,37700,23300,84,,,,,,,
London,2011,90722,421278,292500,3950000,39100,23800,89,,,,,,,
London,2012,94308,437523,300000,3930000,39900,24600,97,,,,,,,
London,2013,111209,473780,323000,3950000,43300,25600,102,,,,,,,
London,2014,118475,525204,365000,4010000,44000,26400,105,,,,,,,
London,2015,113144,545352,400000,4130000,46700,27200,108,,,,,,,
London,2016,103019,586093,442000,4210000,46900,27900,108,,,,,,,
London,2017,90755,620074,465000,4180000,49000,28800,106,,,,,,,
London,2018,,,,4260000,50100,29600,106,,,,,,,
London,2019,,,,4240000,51800,30700,105,,,,,,,
London,2020,,,,4180000,54200,31500,108,,,,,,,
London,2021,,,,4310000,58300,32900,110,,,,,,,
London,2022,,,,,,,114,,,,,,,
London,2023,,,,,,,,,,,,,,
South East,1975,,,,,,,,,,,,,,
South East,1976,,,,,,,,,,,,,,
South East,1977,,,,,,,,,,,,,,
South East,1978,,,,,,,,,,,,,,
South East,1979,,,,,,,,,,,,,,
South East,1980,,,,,,,,,,,,,,
South East,1981,,,,,,,,,,,,,,
South East,1982,,,,,,,,,,,,,,
South East,1983,,,,,,,,,,,,,,
South East,1984,,,,,,,,,,,,,,
South East,1985,,,,,,,,,,,,,,
South East,1986,,,,,,,,,,,,,,
South East,1987,,,,,,,,,,,,,,
South East,1988,,,,,,,,,,,,,,
South East,1989,,,,,,,,,,,,,,
South East,1990,,,,,,,,,,,,,,
South East,1991,,,,,,,,,,,,,,
South East,1992,,,,,,,,,,,,,,
South East,1993,,,,,,,,,,,,,,
South East,1994,,,,,,,,,,,,,,
South East,1995,142548,82309,65000,,,,,,,,,,,
South East,1996,177652,86110,68500,,,,,,,,,,,
South East,1997,202416,94318,74500,,,,,,,,,,,
South East,1998,188723,106179,83000,,,,,,,,,,,
South East,1999,216436,119748,92500,3990000,22700,15700,51,,,,,,,
South East,2000,189977,140957,112000,4340000,23800,16500,52,,,,,,,
South East,2001,211287,156452,126000,4240000,25000,17200,54,,,,,,,
South East,2002,225685,181320,148000,4140000,25100,17400,56,,,,,,,
South East,2003,198760,203045,169500,3990000,25600,17800,58,,,,,,,
South East,2004,208738,222446,185000,4330000,26400,18300,59,,,,,,,
South East,2005,175527,231476,192000,4500000,28100,19000,62,,,,,,,
South East,2006,224895,246776,202000,4580000,29500,19600,64,,,,,,,
South East,2007,215185,267566,219950,4660000,30900,20400,68,,,,,,,
South East,2008,110011,267494,215000,4500000,31000,21000,71,,,,,,,
South East,2009,117199,253991,203000,4430000,32600,21600,73,,,,,,,
South East,2010,121540,284693,229000,4570000,31200,21300,74,,,,,,,
South East,2011,120157,280150,223000,4490000,32900,22300,79,,,,,,,
South East,2012,122778,284558,229000,4500000,33700,23100,85,,,,,,,
South East,2013,144697,292367,235000,4480000,35700,23900,88,,,,,,,
South East,2014,166660,311819,249950,4520000,36200,24400,92,,,,,,,
South East,2015,163236,331847,273500,4610000,37900,25200,94,,,,,,,
South East,2016,157696,354874,295500,4640000,38000,25800,94,,,,,,,
South East,2017,148025,374182,315000,4630000,39200,26700,93,,,,,,,
South East,2018,,,,4650000,39900,27100,92,,,,,,,
South East,2019,,,,4640000,41400,28200,92,,,,,,,
South East,2020,,,,4670000,42000,28600,95,,,,,,,
South East,2021,,,,4830000,44700,29700,96,,,,,,,
South East,2022,,,,,,,,,,,,,,
South East,2023,,,,,,,,,,,,,,
South West,1975,,,,,,,,,,,,,,
South West,1976,,,,,,,,,,,,,,
South West,1977,,,,,,,,,,,,,,
South West,1978,,,,,,,,,,,,,,
South West,1979,,,,,,,,,,,,,,
South West,1980,,,,,,,,,,,,,,
South West,1981,,,,,,,,,,,,,,
South West,1982,,,,,,,,,,,,,,
South West,1983,,,,,,,,,,,,,,
South West,1984,,,,,,,,,,,,,,
South West,1985,,,,,,,,,,,,,,
South West,1986,,,,,,,,,,,,,,
South West,1987,,,,,,,,,,,,,,
South West,1988,,,,,,,,,,,,,,
South West,1989,,,,,,,,,,,,,,
South West,1990,,,,,,,,,,,,,,
South West,1991,,,,,,,,,,,,,,
South West,1992,,,,,,,,,,,,,,
South West,1993,,,,,,,,,,,,,,
South West,1994,,,,,,,,,,,,,,
South West,1995,83057,65817,55000,,,,,,,,,,,
South West,1996,106721,68242,57250,,,,,,,,,,,
South West,1997,123152,74458,60000,,,,,,,,,,,
South West,1998,117949,80792,66500,,,,,,,,,,,
South West,1999,136522,90425,74000,2410000,18200,13800,44,,,,,,,
South West,2000,121897,105025,85000,2590000,18500,14300,45,,,,,,,
South West,2001,134379,118879,96250,2550000,19500,14900,47,,,,,,,
South West,2002,139505,144182,123000,2570000,19800,15200,48,,,,,,,
South West,2003,125541,168759,144950,2500000,20300,15600,49,,,,,,,
South West,2004,125970,190643,164500,2620000,20900,15900,50,,,,,,,
South West,2005,108456,198119,169950,2710000,22200,16500,52,,,,,,,
South West,2006,140778,209580,178000,2760000,23200,17200,54,,,,,,,
South West,2007,130592,228149,190000,2860000,24300,18000,57,,,,,,,
South West,2008,68138,222073,185000,2700000,25000,19000,59,,,,,,,
South West,2009,75608,210709,175000,2690000,25700,19000,61,,,,,,,
South West,2010,76360,228632,190000,2760000,24900,18800,63,,,,,,,
South West,2011,74548,223870,185000,2700000,26100,19600,67,,,,,,,
South West,2012,76058,224870,187500,2670000,27000,20300,73,,,,,,,
South West,2013,89762,228147,190000,2670000,28400,21200,76,,,,,,,
South West,2014,105191,240062,200000,2720000,28800,21600,79,,,,,,,
South West,2015,105560,252917,216000,2720000,30400,22400,82,,,,,,,
South West,2016,107297,265893,229950,2720000,30200,22700,81,,,,,,,
South West,2017,102292,281792,242500,2740000,31300,23700,80,,,,,,,
South West,2018,,,,2740000,32100,24400,80,,,,,,,
South West,2019,,,,2740000,33200,25300,79,,,,,,,
South West,2020,,,,2790000,33700,25500,81,,,,,,,
South West,2021,,,,2900000,35300,26400,83,,,,,,,
South West,2022,,,,,,,,,,,,,,
South West,2023,,,,,,,,,,,,,,
England,1975,,,,,,,,,,,,,,
England,1976,,,,,,,,,,,,,,
England,1977,,,,,,,,,,,,,,
England,1978,,,,,,,,,,,,,,
England,1979,,,,,,,,,,,,,,
England,1980,,,,,,,,,,,,,,
England,1981,,,,,,,,,,,,,,
England,1982,,,,,,,,,,,,,,
England,1983,,,,,,,,,,,,,,
England,1984,,,,,,,,,,,,,,
England,1985,,,,,,,,,,,,,,
England,1986,,,,,,,,,,,,,,
England,1987,,,,,,,,,,,,,,
England,1988,,,,,,,,,,,,,,
England,1989,,,,,,,,,,,,,,
England,1990,,,,,,,,,,,,,,
England,1991,,,,,,,,,,,,,,
England,1992,,,,,,,,,,,,,,
England,1993,,,,,,,,,,,,,,
England,1994,,,,,,,,,,,,,,
England,1995,762310,68670,55000,,,,,,,,,,,
England,1996,922593,72336,57500,,,,,,,,,,,
England,1997,1045364,79523,60000,,,,,,,,,,,
England,1998,1004185,86601,66000,,,,,,,,,,,
England,1999,1144212,97415,74000,22900000,20000,14500,44,,,,,,,
England,2000,1073742,109419,81995,24700000,20800,15000,46,,,,,,,
England,2001,1183915,121082,92000,24200000,21800,15700,48,,,,,,,
England,2002,1282267,140578,114000,24300000,22100,16000,50,,,,,,,
England,2003,1190802,158460,132000,23800000,22400,16200,51,,,,,,,
England,2004,1210603,180678,151000,25400000,23300,16600,53,,,,,,,
England,2005,1012545,191471,159950,26000000,24900,17400,55,,,,,,,
England,2006,1012545,191471,159950,26000000,24900,17400,55,,,,,,,
England,2007,1213683,222011,178000,27100000,27400,18700,62,,,,,,,
England,2008,618374,219924,173500,26000000,28000,19000,64,,,,,,,
England,2009,596026,216268,170000,25500000,29100,19800,66,,,,,,,
England,2010,631941,239906,185000,26100000,28000,19700,68,,,,,,,
England,2011,629560,236553,180000,25700000,29400,20500,74,,,,,,,
England,2012,637071,242254,183000,25500000,30100,21200,79,,,,,,,
England,2013,754335,251621,188000,25400000,31900,22100,83,,,,,,,
England,2014,875601,265561,198000,25700000,32500,22600,86,,,,,,,
England,2015,872908,277277,212500,26100000,34200,23400,88,,,,,,,
England,2016,873957,288512,224950,26300000,34300,23900,87,,,,,,,
England,2017,837501,299037,234000,26200000,35500,24700,87,,,,,,,
England,2018,,,,2660000,36200,25300,86,,,,,,,
England,2019,,,,2640000,37500,26300,86,,,,,,,
England,2020,,,,26600000,38200,26600,88,,,,,,,
England,2021,,,,27700000,40300,27500,90,,,,,,,
England,2022,,,,,,,,,,,,,,
England,2023,,,,,,,,,,,,,,
Wales,1975,,,,,,,,,,,,,,
Wales,1976,,,,,,,,,,,,,,
Wales,1977,,,,,,,,,,,,,,
Wales,1978,,,,,,,,,,,,,,
Wales,1979,,,,,,,,,,,,,,
Wales,1980,,,,,,,,,,,,,,
Wales,1981,,,,,,,,,,,,,,
Wales,1982,,,,,,,,,,,,,,
Wales,1983,,,,,,,,,,,,,,
Wales,1984,,,,,,,,,,,,,,
Wales,1985,,,,,,,,,,,,,,
Wales,1986,,,,,,,,,,,,,,
Wales,1987,,,,,,,,,,,,,,
Wales,1988,,,,,,,,,,,,,,
Wales,1989,,,,,,,,,,,,,,
Wales,1990,,,,,,,,,,,,,,
Wales,1991,,,,,,,,,,,,,,
Wales,1992,,,,,,,,,,,,,,
Wales,1993,,,,,,,,,,,,,,
Wales,1994,,,,,,,,,,,,,,
Wales,1995,41436,51688,45000,,,,,,,,,,,
Wales,1996,47493,55075,47950,,,,,,,,,,,
Wales,1997,44794,57738,49500,,,,,,,,,,,
Wales,1998,49042,62187,53000,1200000,16800,13400,,,,,,,,
Wales,1999,53901,67116,56500,1330000,16500,13100,,,,,,,,
Wales,2000,59700,73324,60000,1330000,17700,14400,,,,,,,,
Wales,2001,67244,86000,71000,1360000,17900,14400,,,,,,,,
Wales,2002,64708,104353,87973,1340000,18300,14600,,,,,,,,
Wales,2003,58431,129361,115000,1410000,19100,15000,,,,,,,,
Wales,2004,48033,142085,125000,1450000,20000,15500,,,,,,,,
Wales,2005,59974,152090,132500,1480000,20700,16100,,,,,,,,
Wales,2006,58111,161038,140000,1510000,21700,16900,,,,,,,,
Wales,2007,31352,155173,135000,1500000,22000,17000,,,,,,,,
Wales,2008,29026,151784,132000,1400000,23000,18000,,,,,,,,
Wales,2009,30822,154801,134973,1440000,22500,17900,,,,,,,,
Wales,2010,30555,152261,130000,1410000,23700,18800,,,,,,,,
Wales,2011,30554,152865,133000,1390000,24300,19400,,,,,,,,
Wales,2012,36250,154589,135000,1350000,25600,20300,,,,,,,,
Wales,2013,42192,160898,140000,1340000,26300,21000,,,,,,,,
Wales,2014,43440,165452,144950,1350000,27100,21400,,,,,,,,
Wales,2015,45501,171835,149000,1380000,27100,21700,,,,,,,,
Wales,2016,46828,176534,151000,1350000,28200,22500,,,,,,,,
Wales,2017,,,,1360000,28900,23200,,,,,,,,
Wales,2018,,,,1360000,30000,24100,,,,,,,,
Wales,2019,,,,1420000,30400,24400,,,,,,,,
Wales,2020,,,,1480000,31600,25200,,,,,,,,
Wales,2021,,,,,,,,,,,,,,
Wales,2022,,,,,,,,,,,,,,
Wales,2023,,,,,,,,,,,,,,
Scotland,1975,,,,,,,,,,,,,,
Scotland,1976,,,,,,,,,,,,,,
Scotland,1977,,,,,,,,,,,,,,
Scotland,1978,,,,,,,,,,,,,,
Scotland,1979,,,,,,,,,,,,,,
Scotland,1980,,,,,,,,,,,,,,
Scotland,1981,,,,,,,,,,,,,,
Scotland,1982,,,,,,,,,,,,,,
Scotland,1983,,,,,,,,,,,,,,
Scotland,1984,,,,,,,,,,,,,,
Scotland,1985,,,,,,,,,,,,,,
Scotland,1986,,,,,,,,,,,,,,
Scotland,1987,,,,,,,,,,,,,,
Scotland,1988,,,,,,,,,,,,,,
Scotland,1989,,,,,,,,,,,,,,
Scotland,1990,,,,,,,,,,,,,,
Scotland,1991,,,,,,,,,,,,,,
Scotland,1992,,,,,,,,,,,,,,
Scotland,1993,,,,,,,,,,,,,,
Scotland,1994,,,,,,,,,,,,,,
Scotland,1995,796177,67883,54950,,,,,,,,,,,
Scotland,1996,964029,71449,57000,,,,,,,,,,,
Scotland,1997,1092857,78460,60000,,,,,,,,,,,
Scotland,1998,1048979,85368,65000,,,,,,,,,,,
Scotland,1999,1193254,95967,72950,2270000,18000,13900,,,,,,,,
Scotland,2000,1127643,107397,80000,2490000,18200,14200,,,,,,,,
Scotland,2001,1243615,118789,90000,2450000,19500,15200,,,,,,,,
Scotland,2002,1349511,137858,110000,2490000,19500,15100,,,,,,,,
Scotland,2003,1255510,155672,130000,2470000,20000,15500,,,,,,,,
Scotland,2004,1269034,178315,150000,2570000,20900,16000,,,,,,,,
Scotland,2005,1060578,189235,157500,2650000,22200,16700,,,,,,,,
Scotland,2006,1325012,203383,166000,2700000,23500,17500,,,,,,,,
Scotland,2007,1271794,219225,175000,2780000,24600,18200,,,,,,,,
Scotland,2008,649726,216799,170000,2700000,25000,19000,,,,,,,,
Scotland,2009,625052,213274,168473,2630000,26000,19400,,,,,,,,
Scotland,2010,662763,235948,182000,2720000,25200,19200,,,,,,,,
Scotland,2011,660115,232652,176000,2640000,27000,20300,,,,,,,,
Scotland,2012,667625,238163,180000,2590000,27800,21100,,,,,,,,
Scotland,2013,790585,247172,185000,2590000,29100,21800,,,,,,,,
Scotland,2014,917793,260750,195000,2600000,29700,22100,,,,,,,,
Scotland,2015,916348,271976,208000,2600000,30700,23000,,,,,,,,
Scotland,2016,919458,282738,219950,2600000,30700,23400,,,,,,,,
Scotland,2017,884329,292550,227722,2550000,31500,24100,,,,,,,,
Scotland,2018,,,,2590000,32200,24600,,,,,,,,
Scotland,2019,,,,2570000,33300,25700,,,,,,,,
Scotland,2020,,,,2580000,33600,26000,,,,,,,,
Scotland,2021,,,,2690000,35100,26800,,,,,,,,
Scotland,2022,,,,,,,,,,,,,,
Scotland,2023,,,,,,,,,,,,,,
Northern Ireland,1975,,,,,,,,,,,,,,
Northern Ireland,1976,,,,,,,,,,,,,,
Northern Ireland,1977,,,,,,,,,,,,,,
Northern Ireland,1978,,,,,,,,,,,,,,
Northern Ireland,1979,,,,,,,,,,,,,,
Northern Ireland,1980,,,,,,,,,,,,,,
Northern Ireland,1981,,,,,,,,,,,,,,
Northern Ireland,1982,,,,,,,,,,,,,,
Northern Ireland,1983,,,,,,,,,,,,,,
Northern Ireland,1984,,,,,,,,,,,,,,
Northern Ireland,1985,,,,,,,,,,,,,,
Northern Ireland,1986,,,,,,,,,,,,,,
Northern Ireland,1987,,,,,,,,,,,,,,
Northern Ireland,1988,,,,,,,,,,,,,,
Northern Ireland,1989,,,,,,,,,,,,,,
Northern Ireland,1990,,,,,,,,,,,,,,
Northern Ireland,1991,,,,,,,,,,,,,,
Northern Ireland,1992,,,,,,,,,,,,,,
Northern Ireland,1993,,,,,,,,,,,,,,
Northern Ireland,1994,,,,,,,,,,,,,,
Northern Ireland,1995,,,,,,,,,,,,,,
Northern Ireland,1996,,,,,,,,,,,,,,
Northern Ireland,1997,,,,,,,,,,,,,,
Northern Ireland,1998,,,,,,,,,,,,,,
Northern Ireland,1999,,,,638000,16500,13000,,,,,,,,
Northern Ireland,2000,,,,666000,17300,13400,,,,,,,,
Northern Ireland,2001,,,,552000,18700,14100,,,,,,,,
Northern Ireland,2002,,,,629000,18400,14200,,,,,,,,
Northern Ireland,2003,,,,701000,18900,14700,,,,,,,,
Northern Ireland,2004,,,,746000,19600,15400,,,,,,,,
Northern Ireland,2005,,,,773000,20900,15900,,,,,,,,
Northern Ireland,2006,,,,785000,22000,16600,,,,,,,,
Northern Ireland,2007,,,,801000,23000,17300,,,,,,,,
Northern Ireland,2008,,,,760000,23000,17500,,,,,,,,
Northern Ireland,2009,,,,747000,23500,17800,,,,,,,,
Northern Ireland,2010,,,,762000,23100,18000,,,,,,,,
Northern Ireland,2011,,,,746000,24200,19100,,,,,,,,
Northern Ireland,2012,,,,732000,24900,19600,,,,,,,,
Northern Ireland,2013,,,,730000,25600,20100,,,,,,,,
Northern Ireland,2014,,,,738000,26200,20900,,,,,,,,
Northern Ireland,2015,,,,725000,27400,21600,,,,,,,,
Northern Ireland,2016,,,,741000,27200,21400,,,,,,,,
Northern Ireland,2017,,,,760000,28900,23200,,,,,,,,
Northern Ireland,2018,,,,777000,29200,23400,,,,,,,,
Northern Ireland,2019,,,,783000,30600,24600,,,,,,,,
Northern Ireland,2020,,,,783000,31100,24800,,,,,,,,
Northern Ireland,2021,,,,810000,32400,25800,,,,,,,,
Northern Ireland,2022,,,,,,,,,,,,,,
Northern Ireland,2023,,,,,,,,,,,,,,
United Kingdom,1975,,,,,,,,11288,120481,114974,,,,
United Kingdom,1976,,,,,,,,12209,113248,117625,,,,
United Kingdom,1977,,,,,,,,13150,107854,120338,,,,
United Kingdom,1978,,,,,,,,16823,127503,123113,,,,
United Kingdom,1979,,,,,,,,21966,142151,125952,,,,
United Kingdom,1980,,,,,,,,23439,131902,128857,,,,
United Kingdom,1981,,,,,,,,23798,119320,131829,,,,
United Kingdom,1982,,,,,,,,25580,120791,134869,,,,
United Kingdom,1983,,,,,,,,28623,128614,137979,,,,
United Kingdom,1984,,,,,,,,32543,139624,141161,,,,
United Kingdom,1985,,,,,,,,35439,144103,144417,,,,
United Kingdom,1986,,,,,,,,39539,155647,147747,,,,
United Kingdom,1987,,,,,,,,44355,167437,151155,,,,
United Kingdom,1988,,,,,,,,57245,202923,154641,,,,
United Kingdom,1989,,,,,,,,61495,202510,158207,,,,
United Kingdom,1990,,,,,,,,54919,164451,161855,,,,
United Kingdom,1991,,,,,,,,53635,154206,165588,,,,
United Kingdom,1992,,,,,,,,50168,140001,169407,,,,
United Kingdom,1993,,,,,,,,51050,140252,173314,,,,
United Kingdom,1994,,,,,,,,52114,139533,177311,,,,
United Kingdom,1995,,,,,,,,50930,132185,181400,,,,
United Kingdom,1996,,,,,,,,55169,139561,185583,,,,
United Kingdom,1997,,,,,,,,61830,150829,189863,,,,
United Kingdom,1998,,,,,,,,66313,157108,194242,,,,
United Kingdom,1999,,,,27200000,19600,14400,,74638,174287,198721,,,,
United Kingdom,2000,,,,29300000,20300,14800,,81628,184885,203304,415,,,
United Kingdom,2001,,,,28600000,21400,15500,,92533,207413,207992,429,,,
United Kingdom,2002,,,,28900000,21600,15800,,115940,253464,212790,435,,,
United Kingdom,2003,,,,28500000,21900,16000,,133903,285211,217697,447,,,
United Kingdom,2004,,,,30300000,22800,16400,,152464,313933,222717,458,,,
United Kingdom,2005,,,,31100000,24300,17100,,157387,316451,227854,467,,,
United Kingdom,2006,,,,31800000,25500,17700,,172065,332830,233109,471,,,
United Kingdom,2007,,,,32500000,26800,18500,,183959,341590,238484,480,,,
United Kingdom,2008,,,,31000000,27000,19000,,156828,285508,243984,481,,,
United Kingdom,2009,,,,30600000,28400,19600,,162116,291177,246611,473,,,
United Kingdom,2010,,,,31300000,27400,19500,,162971,279689,255368,466,,,
United Kingdom,2011,,,,30800000,28800,20300,,164785,269052,261257,455,,,
United Kingdom,2012,,,,30600000,29600,21000,,162924,258012,267282,448,,,
United Kingdom,2013,,,,30400000,31300,21900,,174444,269145,273446,445,,,
United Kingdom,2014,,,,30700000,31800,22400,,189002,286053,279753,449,7,5,17
United Kingdom,2015,,,,31000000,33400,23200,,197044,294243,286204,457,5,2,19
United Kingdom,2016,,,,31200000,33500,23600,,205937,301853,292804,460,18,16,26
United Kingdom,2017,,,,31200000,34800,24400,,211433,298005,299557,459,27,30,13
United Kingdom,2018,,,,3160000,35400,25000,,214178,292869,306465,494,20,21,12
United Kingdom,2019,,,,3150000,36700,26000,,215925,288968,313533,472,14,13,12
United Kingdom,2020,,,,31700000,37300,26300,,229819,304115,320763,490,8,6,13
United Kingdom,2021,,,,33000000,39400,27200,,253113,313334,328161,481,48,54,22
United Kingdom,2022,,,,,,,,265195,288343,335729,465,92,105,38
United Kingdom,2023,,,,,,,,,,,,42,40,53
